ORDER,VIN
40207,1HGCY1F39RA080629
,2HGFE2F54SH509888
,2HGFE2F55SH511424
,2HGFE2F57SH511540
,2HGFE2F58SH502197
,2HGFE2F58SH506153
,2HGFE2F58SH509893
,2HGFE2F5XSH507398
,3CZRZ1H77SM704095
,3CZRZ2H5XSM708937
,5FNYG1H76SB043817
,7FARS6H90SE020457
,19XFL2H88NE002083
,1C4HJXDG1JW248546
,1FTEW1EP7FKE21369
,3CZRU6H18NM721323
,5YFEPMAE3NP276446
,WBA5R7C52KAE83001
,
40265,2HGFE2F55SH513769
,2HGFE2F59SH513306
,3CZRZ2H31SM716097
,3GPKHVRJ9RS518154
,3GPKHWRMXRS515618
,5FNYF8H59RB023291
,5FNYG1H42SB041620
,5FNYG1H49SB050430
,5FNYG1H84SB050189
,7FARS4H46SE009309
,7FARS4H47SE009917
,7FARS6H80SE021776
,7FARS6H86SE021376
,7FARS3H4XRE002237
,7FARW2H80NE005496
,
40322,3CZRZ2H51SM719583
,3CZRZ2H51SM719681
,3GPKHXRJXRS518997
,5FNRL6H81SB003909
,5FNRL6H8XSB002287
,5FNRL6H93SB004049
,5FNYF8H88SB001539
,5FNYG1H42SB049975
,5FNYG1H78SB052521
,7FARS4H46SE009309
,7FARS4H79SE010934
,7FARS6H53SE024063
,7FARS6H81SE024900
,7FARS6H88SE015126
,19XFB2F57FE049327
,5FPYK3F71KB023544
,5N1AZ2BS6MC143006
,JM3KE2DY1G0604843
,
40375,1HGCY1F31RA082729
,1HGCY1F38RA082663
,1HGCY1F3XRA083331
,1HGCY2F89RA080616
,2HGFE2F56SH501288
,3GPKHZRJ1RS520696
,5FNYG1H42SB041620
,5FNYG1H67SB050492
,5J6RS4H47SL006485
,7FARS4H46SE009309
,1G1ZB5ST0HF189417
,1GNSKBE05ER209011
,1HGCV3F94JA014423
,1HGCY1F35RA020850
,1HGCY2F50RA021475
,4T1G11AK6MU480184
,5J6RT6H54NL031494
,JHMGE8H59CC006511
,KL7CJPSB4MB331110
,
40427,1HGCY2F79RA085032
,2HGFE2F56SH501288
,3CZRZ1H56SM708654
,3CZRZ2H35SM719892
,3GPKHVRJ2RS522062
,3GPKHZRJ3RS515905
,5FNRL6H66SB005850
,5FNYG1H47SB054203
,5FNYG1H4XSB050761
,5FNYG1H81SB051879
,5J6RS4H47SL006485
,7FARS4H73SE010329
,7FARS4H74SE011067
,7FARS6H81SE025660
,7FARS6H82SE026526
,7FARS6H86SE025766
,7FARS6H87SE025694
,7FARS6H88SE021332
,7FARS6H89SE025342
,1GKS2BKD2MR372279
,1HGCY2F50RA021475
,5FNRL6H78JB011611
,JM3TCBDY4M0523454
,
40465,19XFL1H89RE031592
,1HGCY2F89RA080616
,2HGFE2F58SH502197
,7FARS4H72SE011200
,7FARS6H59SE025881
,7FARS6H91SE023738
,7FARS6H9XSE028081
,1HGCV1F5XJA178325
,3CZRZ2H57RM743865
,5FNRL6H73KB069143
,
40570,3CZRZ2H52SM724677
,3CZRZ2H54SM711994
,5FNYG1H68SB054776
,1HGCY1F3XPA056465
,
40607,19XFL2H82RE040673
,3CZRZ1H7XSM716452
,3CZRZ2H53SM723182
,3CZRZ2H53SM728026
,5J6RS4H79SL008071
,7FARS4H40SE011542
,19UUB5F54PA002965
,2T3RFREV9GW467065
,7FART6H97LE018574
,
40669,1HGCY1F35RA088582
,1HGCY1F36RA088011
,1HGCY1F36RA088509
,1HGCY1F38RA091329
,1HGCY2F87RA090917
,2HGFE2F56SH522593
,5FNRL6H65RB075169
,5FNYG1H62SB060279
,5FNYG1H72SB049324
,7FARS4H70SE011504
,7FARS6H82SE028230
,19UDE4H23PA024072
,1C6HJTAG4ML536815
,3N1AB8CV4MY236976
,
40705,1HGCY1F30RA089509
,1HGCY2F80RA093075
,3GPKHXRJ4RS523306
,7FARS6H81SE033127
,7FARS6H8XSE032154
,7FARS6H96SE033309
,3CZRU6H10NM715225
,5J8YD4H52LL011455
,
40752,7FARS4H40RE015407
,1HGCR3F93HA024617
,JF2GTHSC2NH204126
,4JGDA5GB4FA464135
,5FPYK3F8XJB010346
,
40806,5FNYG1H64RB023499
,1HGCY2F89RA095701
,5YFEPMAE2NP340833
,7FARS4H45SE011987
,7FARS4H73SE012100
,3CZRU6H32MM742412
,7FARS4H47SE011666
,7FARS6H85SE030893
,19XFB2F85FE231358
,3CZRZ2H55SM730344
,3GPKHXRJ7RS524160
,5YFEPMAE3NP276446
,5TFAZ5CN7KX079191
,
40871,19XZE4F59ME004581
,5FNYF8H59PB025619
,1HGCR3F93HA024617
,7FARS4H47SE012168
,7FARS6H95SE036640
,7FARS6H82SE036361
,1FMCU0GD5KUA18740
,4T1G11AK6NU067036
,5FNYF6H54MB084609
,19XFL4H8XSE000603
,5FNYG1H86SB059721
,
40912,5FNRL6H78SB013621
,5FNRL6H62SB013878
,7FARS6H85SE037679
,2HGFE1F99RH331936
,19XFL4H99SE001363
,7FARS6H88SE037367
,19XFL2H86RE042877
,7FARS5H80SE013817
,5J6RT6H55NL012629
,
40975,5FNYF6H91GB022981
,19XZE4F59ME004581
,7FARW2H87NE029035
,JF2GTALC8J8276321
,7FARS6H55SE034528
,7FARS6H81SE037422
,1HGCY2F65SA002533
,3CZRZ2H70SM731581
,1HGCY2F72SA002319
,3GPKHXRJ5RS500455
,2HGFE2F59SH513306
,5FNYG1H73SB066441
,
41038,7FARS4H25RE003462
,2HGFE1F99RH316563
,2HKRS4H76PH400829
,7FARS6H81SE038344
,7FARS6H58SE038427
,3GPKHXRJ9RS527089
,
41100,7FARS6H82SE038630
,2HGFE1F99RH316563
,3GPKHXRJ8RS527049
,7FARS6H99SE041968
,7FARS4H48RE012156
,19XFL1H81PE004187
,1HGCY2F65PA035359
,7FARS6H88SE040821
,7FARS4H46RE019770
,1HGCY2F50SA002883
,1HGCY2F87SA003443
,5XXG64J29NG143572
,5FNYF6H9XHB021734
,5FNYG1H45SB069427
,5FNRL6H96SB016261
,5FNYG1H62SB068589
,5FNRL6H86SB016946
,5TFAZ5CN7KX079191
,3N1CN8EV7ML854349
,
41173,1HGCV1F55MA091579
,5FNRL6H89SB017668
,7FARS6H80SE042918
,1N4BL4CV2KC178787
,WAUB8GFFXG1055675
,5FNYG1H40SB052700
,5J6RS4H40SL010152
,5J6RS4H78SL010054
,5FNRL6H99SB011359
,5FNYF6H92NB016040
,5FNYG1H62SB068589
,
41213,2HGFE1E55PH470831
,5J6RS4H76SL009923
,1HGCY2F86SA005717
,7FARS6H82SE043018
,5FNYG1H83SB073897
,
41258,KNALC4J15H5066333
,5J6RM3H51FL011488
,1FTER4FH2MLD29478
,2HGFE4F85SH310533
,5FNYF6H91GB022981
,5J6RS4H78SL010166
,7FARS6H97SE044562
,
41299,KM8K62AB4PU972167
,3CZRZ2H51SM739767
,5FNYF8H51SB009472
,
41341,5XYZU3LA3DG020647
,3VV2B7AX1KM099128
,JF1ZDBF10N8702602
,1N4AA6AP2HC427017
,7FARS6H95SE046925
,7FARS5H89SE018787
,7FARS6H97SE044562
,7FARS4H47SE012350
,7FARS6H52SE046166
,5FNRL6H82SB020198
,
41434,5FPYK3F51SB010503
,1HGCY1F48SA008688
,1HGCY1F47SA007774
,5FPYK3F59RB026457
,1HGCY2F57SA012813
,1HGCY2F75RA091801
,3GPKHXRJ5RS528305
,
41564,5XYZU3LB0HG415559
,KL4CJHSB6FB255010
,5N1AT2MT1KC806292
,3CZRZ2H37PM743313
,JM3KE4DY6G0877918
,JM3KFBAY9P0105886
,WMWXR3C0XL2M52643
,5NMJB3AE8PH196564
,7FARW2H87NE007939
,19XFL4H96SE002941
,5FNYG1H87SB066550
,3GPKHXRJ3RS519960
,3GPKHXRJ5RS500455
,3CZRZ2H32SM742188
,5FNRL6H89SB024572
,1HGCY2F81SA014339
,5FPYK3F59RB026457
,5FPYK3F52RB021584
,5FPYK3F51RB002301
,1HGCY1F48SA008688
,3CZRZ2H59SM745025
,5J6RS4H7XSL011707
,1HGCY2F57SA012813
,3GPKHXRJ5RS528305
,3CZRZ2H59SM742402
,7FARS6H54SE048582
,3GPKHZRJ4RS530980
,5FNYG1H4XSB079256
,19XFL2H86RE042877
,3CZRZ2H34SM732049
,5FNYF8H84SB010027
,3CZRZ2H53SM745425
,19XFL2H89SE007207
,2HGFE4F86SH313523
,5FPYK3F53SB013127
,7FARS5H86SE018455
,1HGCY2F75RA091801
,7FARS6H57SE041786
,5FPYK3F51SB010503
,1HGCY2F87SA011364
,
41610,5FNYG1H71RB017474
,5FNYF6H57MB049787
,5NMJB3AE3PH199002
,7FART6H84ME023174
,3CZRZ1H30PM741039
,2HKRW2H88MH664731
,4T1C11AK8NU706659
,7FARS6H9XSE051523
,3CZRZ1H73SM729169
,1HGCY2F62SA015627
,2HGFE2F52SH542663
,7FARS4H4XSE012603
,
41684,5YFEPMAE2MP189751
,3CZRZ2H59SM736759
,5FNYG1H6XSB085432
,5FNYG1H32SB085351
,
41747,1HGCY2F59SA018354
,19XFL2H80SE009119
,1HGCY1F4XSA012323
,19XFL2H84SE009687
,7FARS6H96SE055312
,
Maintenance,2HGFE1F99RH316563
,5FNRL6H91RB040753
,7FARS4H41RE020664
,5FNYG1H64RB043977
,3CZRZ2H3XRM741512
,1HGCY2F65PA035359
,1HGCY2F50RA021475
,5XXG64J29NG143572
,5FNYF8H55MB042221
,1C6HJTAG4ML536815
,5J6RW6H33HL004636
,1HGCR2F32GA184430
,5N1AT2MT1KC806292
,3CZRZ1H30PM741039
,5N1AZ2BS0MC142921
,JF1ZDBF10N8702602
,1GKS2BKD2MR372279
,5J6RW2H85JL033761
,3CZRU6H39GM750768
,2HGFA15586H503783
,JH4CL96917C001776
,5XYZU3LB0HG415559
,1N4BL4BV9NN356236
,2C4RC1GG1NR129529
,1HGCV1F31NA124206
,1HGCV1F17MA030439
,JTDEPMAE7N3020562
,3MVDMABL7MM210017
,3VV2B7AX1KM099128
,1N4BL4CV2KC178787
,5NMJB3AE8PH196533
,KL8CD6SA5MC734205
,3N1AB8CV8MY221817
,JN8AT3CA9MW026671
,2HKRW6H36JH204748
,1N4BL4BV4NN322785
,3CZRZ2H37PM743313
,5YFEPMAE2MP189751
,2HGFC2F68KH557425
,1HGCR2F81FA015347
,5NMJB3AE8PH196564
,1G11Z5SA5GU155183
,1HGCV1F37NA077019
,19XFA1F52AE085299
,3N1CP5BV2ML539195
,5TDJKRFH7FS160141
,5J6RW1H5XNA005388
,KNALC4J15H5066333
,2HGFG1B84BH502699
,5N1AZ2BS6MC143006
,2C4RC1GG8NR124084
,5YFBURHE9GP563971
,WBA8E3G56GNT77420
,2HKRW2H55NH647232
,5YFEPMAE2NP298342
,2HKRS4H70SH409891
,7FARW2H80NE011587
,1N4BL4CV5NN305203
,19XFB2F50CE035846
,19XFC2F77GE018840
,7FARS6H9XSE051523
,5FNRL6H80SB031569
,7FARS5H89SE018787
,5FNRL6H6XSB028452
,19XFL2H84SE009687
,3CZRZ2H34SM732049
,7FARS6H82SE043018
,5FNYG1H45SB069427
,5FNYG1H42SB087383
,1HGCY2F87RA090917
,3GPKHZRJ3RS515905
,5FPYK3F68RB025826
,19XFL2H80SE009119
,3GPKHWRMXRS515618
,5FPYK3F59RB026457
,7FARS6H54SE048582
,7FARS6H99SE056972
,5FPYK3F52RB021584
,3GPKHZRJ1RS520696
,5FPYK3F55RB029694
,3GPKHZRJ4RS530980
,7FARS5H86SE018455
,1HGCY1F48SA008688
,5FNRL6H82SB020198
,5FNYG1H6XSB085432
,5FNYG1H45SB085563
,5FNYG1H4XSB079256
,3GPKHXRJ8RS527049
,5FNYG1H32SB085351
,7FARS4H71SE013052
,1HGCY1F4XSA012323
,3CZRZ2H59SM745025
,5FNYG1H68SB054776
,5FNRL6H78SB013621
,5FNYG1H62SB076823
,19XFL4H93SE006011
,19XFL2H89SE007207
,5FNYF8H84SB010027
,3GPKHZRJ4RS533975
,5FNYF8H51SB009472
,3GPKHXRJ3RS519960
,19XFL2H86RE042877
,7FARS6H58SE038427
,3GPKHXRJ9RS527089
,7FARS6H52SE056034
,3GPKHXRJ7RS524160
,5FNRL6H65RB075169
,2HGFE2F59SH513306
,3CZRZ2H32SM742188
,5FPYK3F58SB011857
,1HGCY2F54SA017709
,5FNYG1H40SB052700
,1HGCY2F62SA015627
,1HGCY1F31RA082729
,19XFL4H96SE003684
,3CZRZ2H53SM723182
,1HGCY2F81SA014339
,5FNYG1H67SB050492
,5FNRL6H8XSB030493
,3GPKHVRJ2RS522062
,7FARS6H85SE056958
,7FARS6H57SE041786
,2HGFE4F82SH317228
,1HGCY1F35RA088582
,3GPKHXRJ5RS528305
,1HGCY1F38RA091329
,5FPYK3F51SB010503
,5FNYG1H43SB072956
,7FARS6H85SE030893
,7FARS6H81SE037422
,3GPKHXRJ5RS500455
,1HGCY2F89RA095701
,1HGCY2F86SA005717
,7FARS5H82SE021790
,1HGCY2F87SA011364
,1HGCY2F59SA018354
,2HGFE1E50SH473418
,5FNYF8H58SB013695
,5FPYK3F53SB013127
,5FNRL6H75SB012927
,5FPYK3F51RB002301
,5FNYG1H7XSB080742
,7FARS6H81SE038344
,5FNRL6H86SB016946
,5FNRL6H99SB011359
,
41829,5FNRL6H91RB040753
,7FARS4H41RE020664
,5FNYF8H55MB042221
,2HGFA15586H503783
,1HGCV1F17MA030439
,3MVDMABL7MM210017
,3N1AB8CV8MY221817
,JN8AT3CA9MW026671
,2HGFC2F68KH557425
,19XFA1F52AE085299
,3N1CP5BV2ML539195
,5TDJKRFH7FS160141
,WBA8E3G56GNT77420
,5YFEPMAE2NP298342
,19XFC2F77GE018840
,7FARS6H9XSE051523
,5FNRL6H80SB031569
,5FNRL6H6XSB028452
,5FNYG1H42SB087383
,7FARS6H99SE056972
,7FARS4H71SE013052
,1HGCY1F4XSA012323
,19XFL4H93SE006011
,7FARS6H52SE056034
,1HGCY2F54SA017709
,7FARS6H85SE056958
,2HGFE4F82SH317228
,5FNYG1H43SB072956
,7FARS5H82SE021790
,1HGCY2F59SA018354
,2HGFE1E50SH473418
,5FNYF8H58SB013695
,
41901,4S4BP61C087342448
,WDBJF55F2TJ023189
,5YFEPMAE6NP332704
,4T1R11AK9PU101711
,1N4BL4DVXNN386259
,2HKRM4H58FH630332
,5FNYF6H63MB055384
,4T1C11AK5PU121203
,4T1C11AKXNU635982
,2T3ZFREV7HW372327
,4T1C11AK4PU726944
,19XFL4H96SE004477
,2HKRS4H46SH442707
,7FARS5H89SE025268
,7FARS4H78SE013419
,5FNYF8H56SB012836
,
42013,5FNYG1H69SB011757
,5FNRL6H77KB129618
,1FMCU0HD4JUB70800
,7FARW2H84NE056385
,5FNYF8H50MB042417
,SHHFK7H62LU221108
,7FARW1H5XME001311
,5J6RW2H59NA010393
,3FA6P0RU3HR279974
,5J6RT6H91NL010671
,2HGFE2F50SH551605
,19XFL4H95SE006883
,5FPYK3F10SB015043
,7FARS6H8XSE052114
,7FARS5H89SE025562
,5FPYK3F86SB016498
,3CZRZ1H30SM734181
,2HGFE2F58SH552467
,5FNYG1H41SB094292
,1HGCY1F45SA013167
,5FNRL6H83SB031548
,3CZRZ1H50SM731346
,5FNYF8H55SB010480
,7FARS5H81SE025586
,5FNYG1H43SB092639
,2HGFE2F55SH550871
,3GPKHXRJ6RS539717
,
42066,3CZRZ2H59PM700321
,JTDKN3DU1A0009025
,5FPYK3F52PB037829
,3CZRU6H56NM767977
,1C6RR7GT2GS322683
,19XFC1F3XHE018954
,5FNRL6H98KB061783
,JHMZC5F33JC001901
,2HGFE2F5XSH550350
,7FARS6H87SE062602
,7FARS6H95SE058833
,
42106,3CZRU6H13NM736716
,1HGCV1F41NA109584
,5J6RM4H75DL000157
,
42159,4T1BF1FK2CU570435
,7FARW2H81LE021946
,5J6RW2H89NA003504
,1HGCV2F91KA014035
,3TMJU4GN0DM146418
,1HGCR2F7XHA024543
,WMWJZ9C00N2S10052
,1HGCR2F33GA115486
,2HGFE4F83SH322549
,7FARS6H98SE059636
,3GPKHVRJXRS543807
,7FARS6H84SE066199
,3CZRZ2H51SM758576
,2HGFE2F54SH556757
,3CZRZ2H53SM761169
,3GPKHZRJXRS533656
,3CZRZ2H33SM758819
,3CZRZ2H52SM746534
,7FARS6H92SE065528
,2HGFE4F83SH322762
,3GPKHZRJ6RS536165
,
42235,5FNYG1H66SB012798
,7FARS4H41RE020969
,19XFL1H75RE019463
,5FNYF4H57DB066609
,WAUENCF54JA007621
,JHMGE8H31DC008592
,2HKRW2H9XNH653398
,3VWC57BUXMM012535
,19XFC1F33GE004263
,7FARW2H57ME002129
,19XFL2H86NE010487
,1ZVBP8EM9E5285903
,19XFL4H89SE008188
,19XFL4H98SE003699
,5FNYG1H81SB094098
,7FARS6H59SE066298
,
42319,JTHBE1D26G5026285
,2HGFC2F56JH531895
,JHMGE8G58DC073393
,1GYS4EKL5MR208968
,5FNYF8H53NB017660
,2HGFE4F80SH320922
,2HGFE2F54SH557861
,
42352,2HGFA16578H357698
,2C4RC3BG0NR164551
,2HGFE4F87SH323882
,5FNRL6H62SB039171
,7FARS6H82SE066797
,2HGFE4F80SH321990
,
42406,5J6RE4H39BL039521
,2HGFB2F53DH560598
,7FARW2H91ME024114
,3CZRU6H57HG704468
,4S4BTAPC5N3111389
,5FNYF8H90MB008304
,3CZRZ2H59SM764366
,3GPKHZRJXRS503346
,7FARS6H89SE065565
,3GPKHXRJXRS545326
,3CZRZ2H52SM764922
,3GPKHXRJ7RS544683
,7FARS6H87SE067718
,2HKRS4H79SH455865
,3CZRZ1H79SM742220
,3GPKHZRJ5RS541146
,19XFL2H85SE014056
,
42442,SHHFK7H47MU214316
,5FNYF8H51MB038733
,5J6RT6H93NL018609
,3CZRU6H51NM727080
,7FARS4H49SE013600
,5FNYF8H64SB017705
,7FARS6H84SE070981
,2HGFE4F82SH325197
,3CZRZ1H57SM741050
,5FNYG1H42SB102657
,3CZRZ2H53SM762726
,
42498,5FPYK3F61RB000329
,3CZRZ2H30RM780660
,2HKRS4H73RH483817
,5J6RT6H91NL038793
,KM8J33A49HU412710
,1HGCV1F30JA075266
,4T1BF1FK7EU456708
,5J6RW2H81KL001309
,5J6RW2H96HL050135
,1FM5K7D88JGC70901
,5FNYF6H66NB062654
,7FARW1H75NE001817
,7FARS6H8XSE026466
,
42543,2HKRS4H76SH433676
,5FNYF8H67RB003632
,1HGCV1F11KA091024
,JF2SJAJC9JH569972
,1HGCV1F36MA091072
,3VV2B7AX7NM137126
,5FNRL6H86NB005403
,2HKRS4H79RH433813
,5FNYF8H0XMB036144
,5FNYG1H72SB102359
,7FARS6H84SE068289
,7FARS6H8XSE072864
,5FNYF8H53SB008274
,19XFL4H96SE009081
,
42590,1HGCY1F35RA059339
,5J6RM3H90GL009638
,5J6RW2H24LL018344
,5FNYF8H52NB001854
,19XFL2H84NE013517
,5FNRL5H66FB030439
,5J6RM4H79GL062018
,
42646,5TDKKRFH3ES021661
,3CZRZ2H70RM711132
,5FNYF8H28MB039772
,5J6RS6H84RL007845
,3CZRU5H14NM726478
,
42681,JTMRFREV6FD103374
,4S4BRBCC0D3325456
,JHMGK5H57GX005489
,2HGFE2F57NH593810
,
42736,7FARS6H86SE030854
,JTMBD31V375116556
,19XFB2F50FE024284
,7FARS6H80RE074763
,JN1FV7AR0GM451937
,2HGFE2F50SH564533
,3CZRZ2H51SM769772
,2HGFE4F89SH329506
,5FNRL6H84SB045751
,19XFL2H82SE017285
,7FARS4H78SE014084
,3CZRZ2H50SM772632
,3CZRZ1H5XSM744539
,5FNRL6H81SB045318
,
42797,3CZRU5H32NM723967
,5FNRL6H79NB041027
,5FNYF8H61NB007685
,5FNYF8H62NB010496
,1HGCV3F25NA019493
,7FARW2H96KE025689
,5NTJDDAF7PH048032
,5FNYF6H50NB034792
,5FNYF8H27MB038614
,5J8TB4H37EL005328
,1HGCV3F43JA005930
,
42824,7FARS6H53RE063651
,5FNYF6H84NB093015
,3CZRZ2H57PM734256
,1FMJK1JTXJEA36386
,4S4BTANC8M3218650
,4T1DA1AB1NU011637
,
42873,5NMJECAE9PH240952
,7FARS4H40RE014659
,5FNRL6H62PB061467
,1HGCV1F33NA051369
,1HGCV2F38NA005428
,JTMRFREV8JJ718356
,3CZRZ2H50SM772372
,2HGFE4F87SH330654
,7FARS4H49SE014634
,JHMFL5G4XSX002578
,7FARS3H77SE003975
,1HGCY2F80SA027857
,5J6RS4H76SL016080
,2HGFE2F59SH566149
,2HGFE2F50SH567559
,7FARS4H76SE014987
,1HGCY1F39PA012800
,7FARS4H42SE014409
,19XFL2H80SE019939
,
42921,5NPEB4AC3EH827386
,7FARW2H97NE002300
,1C4NJRFB3GD581576
,5FNYF8H58NB006055
,
42971,5FNYF8H64PB025536
,5FNYG1H96SB015534
,5J6RW2H54HL035114
,3HGGK5G58FM738868
,7FARS6H55RE064297
,5FNYF8H57MB041233
,1HGCV2F51JA037388
,1GNSKBKC6LR259251
,5J8TC1H5XNL005921
,ZACNJBBB2LPL10854
,7FARS4H43SE009350
,
43042,JTJBM7FX8H5177143
,LYVA22RK3KB229793
,2HKRM4H7XGH676392
,
43089,1HGCY1F39RA065645
,JTEBU5JRXF5207154
,2T1BU4EE6DC943899
,JM3KE2CYXE0383693
,3CZRU6H53NM775423
,1HGCV2F51KA023458
,1N4BL4CV3LC174314
,5NPD84LF2LH604108
,3CZRZ2H36SM708285
,
43109,SHSRD78875U305513
,2HKRW1H23MH401178
,
43168,5J6RS4H7XRL000734
,1HGCR2F30DA153575
,3VV1B7AX3LM104035
,1G1ZD5ST7KF127286
,7JRA22TK3LG072623
,WBA6D2C57JGT73415
,3CZRZ1H75PM702286
,2HKRW2H81NH643267
,5J6RS6H86RL005272
,3VW2B7AJXHM346999
,
43213,5FNRL38729B028981
,19XFB2F55DE007770
,KL4CJFSB3HB075751
,5FNRL6H91SB002560
,
43265,5FNYG1H86SB042286
,5FNYG1H80SB086719
,5FNRL6H73NB063394
,3CZRU6H36NM763281
,2HKRM4H54DH686829
,KMHLR4AF8PU417510
,1GNSKBKC2LR253740
,1HGCR2F83DA175193
,5NPD84LF3HH028312
,5FNRL6H66PB076151
,2HKRM4H75EH704385
,
43299,3CZRZ2H75SM733049
,7FARS6H84RE077858
,2HKRS4H79RH475818
,3CZRZ2H71SM731928
,5FNRL6H81SB017616
,5FNYF6H52LB044687
,
43348,5FNYG1H86SB012124
,5FNYF5H23NB021311
,4T1B11HK8JU541580
,2HGFC2F6XKH534082
,1HGCY2F78PA027135
,5FNYF6H20MB070518
,7FARW2H85NE019569
,3CZRU6H31NM756884
,5FNYF8H05NB019544
,5J6RM4H72FL031353
,1HGCP2F89BA014544
,7FARW2H82NE031100
,
43406,2HKRW2H89NH653240
,2HKRM4H39EH622902
,2HKRW2H80NH624810
,
43480,5FNYG1H63SB070531
,2HGFG3B55CH563644
,1HGCR2F81HA137550
,2HKRM3H75GH529312
,5J6RW6H39HL007203
,JHLRE48717C048071
,19XZE4F95KE001936
,4T1BK1FK3CU014758
,19XFC2F66KE003083
,JHLRE387X8C035220
,5FNYF6H68LB031094
,1HGCR2E53HA009608
,
43511,JTKJF5C74D3065021
,5J6RW6H38HL005118
,
43565,7FARS6H87SE002352
,5FNYF8H59NB023057
,5J6RM3H7XDL029163
,2HKRM4H7XDH635515
,1HGCV1F49JA060516
,2HKRM4H79EH632798
,3N1AB8DVXNY318615
,1HGCV3F99NA022121
,19XFL2H85PE014856
,2HGFE2F5XPH541686
,7FARW2H57JE044683
,5FNYF8H51NB018063
,JTMZF31V295012491
,
43610,WBY1Z8C35HV891673
,
43649,1HGCP2F88CA173069
,JHMFC1F38JX027561
,5J6RW2H84LL003881
,3HGGK5H89JM710501
,3GKALTEG9RL299379
,3CZRU5H53NM742089
,
43691,5J6RW1H82LA003173
,1HGCV1F35NA098175
,5FNYF6H8XNB053389
,2HGFE1F93PH317768
,3CZRU6H39MM711254
,5FNYG1H62SB048438
,5J6RT6H96NL044881
,
43731,5FNRL6H94JB016113
,1HGCV1F5XJA216412
,3GKALTEV2ML380277
,7FARW2H85NE032547
,7FARW2H87NE023493
,19XFC1F33KE010377
,
43763,5FNYG1H4XSB094730
,2HKRS4H72SH416311
,2HGFE1E58SH474347
,2HKRS4H77SH449837
,19XFL1H89RE030474
,2T3RFREV2DW029256
,5FNYF8H59RB009133
,2HKRW2H88NH637059
,3CZRU5H56NM745584
,5J6RE4H51BL070764
,5FNYF8H57PB010486
,
43837,1HGCY1F38RA075020
,5GAKVBKDXHJ178012
,5FNYF8H04NB014335
,5FNRL6H89JB026577
,1FTEW1EG9JKC61293
,7FARW2H91NE043781
,7MMVABCM1PN130556
,5J6RT6H59NL038134
,
43897,2HKRS4H73SH428547
,1HGCR2F38DA274886
,1HGCP26378A054943
,19XFB2F57CE075888
,5FNYF8H58NB012020
,19XFC1F38KE019673
,
43942,5FNYF8H5XSB002486
,1HGCM66527A084948
,5NMS24AJ0PH564596
,5FNRL5H65GB059030
,5YFB4MDE9PP062037
,7FARS4H41RE006506
,19XFC2F66KE020353
,5FNYF6H98LB010112
,5N1AZ2MH2FN230751
,7FARW2H54NE037194
,
43988,7FARS6H86SE043829
,3CZRZ1H78SM717843
,3CZRZ1H74SM716432
,7FARS6H81SE047447
,2HGFE1E56SH474296
,7FARS4H70SE012541
,7FARS6H81SE053880
,7FARS6H84SE053856
,3CZRZ1H7XSM712952
,19XFC1F35HE001785
,5FNRL6H79PB054444
,1G6DX5RK1M0132790
,
44037,2HKRS3H72SH300651
,5FNYF8H85SB005080
,5FPYK3F58PB037527
,2HGFE2F52RH539451
,5J6RS6H93PL000438
,5FNRL6H88PB015885
,2HKRW2H88HH624977
,5FNYG1H47SB045081
,19XFA1F58AE003527
,5FNRL6H9XJB058348
,WA1ABAFY8N2097830
,JF1GPAB67GH260401
,
44064,2HKRS4H78RH475387
,2HKRS4H76SH401083
,7FARS6H93SE082127
,5FNYF8H88RB022188
,
44131,2HKRS4H71SH440955
,3CZRZ2H34PM709409
,3CZRZ2H70PM735587
,3C3CFFAR9DT646615
,5FNYF6H28NB095832
,
44162,3HGGK5H58FM744040
,1VWCA7A3XLC023751
,2HKRS4H76PH431935
,
44214,2HKRW2H91KH633388
,7FARW2H94LE014756
,2HKRW2H98LH638606
,1HGCV1F49KA002858
,4S4WMACDXK3449024
,1C4HJXDG3KW505269
,1V2TR2CA7MC550804
,
44271,2T2BK1BA4CC125202
,2HGFE2F54PH501927
,5TDJZRFH3JS546673
,5FNYF6H27NB058478
,
44325,2HGFE2F57PH541435
,5FNYF6H2XMB034769
,1HGCV1F16LA012934
,3VV3B7AX3MM027449
,5FNYF6H24NB069020
,SHHFK7H64KU225272
,7FARW2H8XJE093080
,7FARS4H75PE002627
,5FNRL6H75PB005483
,5FNYF8H66NB030623
,
44392,1HGCV1F13LA099868
,
44423,19XFL2H87PE005916
,19XFL1H73RE020465
,3VV0B7AX1KM098830
,2HKRW2H94NH649525
,5J6RW6H36HL007482
,JN8AT2MV9JW345463
,1HGCY2F56RA069496
,
44472,5FPYK3F75NB023339
,5J6RM4H37GL110354
,
44526,5FNRL6H7XSB043851
,2HGFE1E57SH473187
,5FNRL6H65SB041819
,7FARS4H75SE014270
,7MMVABCM7PN121716
,5FNYF6H52NB037810
,3HGGK5H89GM702763
,5FNYG1H43PB036630
,5J6RW2H59JL024616
,7FARW2H57NE051851
,5FNYF6H07NB073206
,19XFC1F98HE031190
,
44571,19XFC2E53HE079832
,WA1LAAGE0KB020011
,19XFL1H74NE012868
,5N1DL0MM5KC533254
,
44610,JF2SJAPC6EH428760
,
44680,4T1G11AK5PU077446
,5NPD74LF9KH438655
,3CZRZ2H57RM718755
,
44704,5J6RM4H76GL036427
,4T1BF3EKXBU683402
,KNDPRCA62L7656172
,
44752,1HGCY2F62PA001010
,5FNYF8H54RB012814
,1HGCV1F31KA001095
,
44813,5J6RS4H78SL004920
,3CZRZ1H76RM759986
,5FNYG1H64SB127710
,2HGFC3B93GH351233
,2HKRW2H88NH632590
,7JR102FK1LG040108
,3HGGK5H01JM710311
,5FNYF6H93GB050264
,5FNYF5H36MB031385
,5FNYF8H65PB027019
,19XFC2F56HE080438
,
44875,3CZRZ2H52SM771434
,5FNRL6H63SB029247
,5FNYG1H91SB113547
,5FNRL6H65SB059463
,3CZRZ2H57SM733486
,2HKRS3H76SH336021
,3CZRZ1H7XSM716144
,2HKRS3H7XSH336037
,5FNRL6H65SB058121
,5J6RS3H71SL008303
,5J6RS3H77SL010315
,1HGCV1F52MA044011
,5J6YH28766L018352
,5J6RW2H87NA011598
,1G1FB1RS2J0191302
,1C6SRFJT5NN393053
,1C4AJWAG9EL252836
,
44906,7FARS6H84RE062597
,1GTV2UEC5FZ414857
,2HKRW2H88JH680651
,
45023,2HKRS3H78SH323982
,JM3KFBCM3P0250125
,3C6UR5CJXHG727153
,5J6RW2H83JL007658
,2HKRW2H93MH655816
,2HGFC2F7XJH522179
,7FARW2H57ME000560
,
45046,1HGCV1F44LA047868
,19XFB2F5XCE104574
,
45092,7FARS4H71PE004522
,7FARS5H84SE024240
,7FARS4H49RE005538
,5J6RW2H99KL015578
,5FNYF5H96KB020923
,5FNYF8H02NB014169
,1C4RDHDG3KC647494
,
45143,4T1BE32K22U028884
,2HKRW1H9XLH401870
,5J6RW2H59NA005985
,1HGCV1F42MA079963
,5FPYK3F71KB015900
,
45189,7FARS3H79RE002336
,WP1AA2A50PLB03465
,4S4WMAWD1R3402325
,7FARS6H56PE034030
,3TYCZ5AN6NT096476
,19XZE4F59ME000045
,1HGCV1F31KA036381
,7FARW2H84NE020664
,
45250,4T1C11AK9NU645628
,
45325,7FARS6H84SE075565
,7FARS4H40RE007260
,2HKRS4H73PH436459
,3MYDLBYV2HY177706
,2HGFE2F57RH589570
,1GKKNKL40PZ181082
,5FNYF8H6XRB001079
,7FARW2H51NE050338
,
45387,5FNYG1H49SB108150
,5FNYF6H22NB061773
,7FARW2H81NE040709
,5FNYF6H68MB054554
,1C4HJXDG3LW106217
,5FPYK3F75LB001631
,1C4RJFBG6FC107143
,5FNYF8H56NB029429
,1HGCV2F56JA040187
,7FARW2H84NE045757
,1HGCY1F36PA041039
,
45454,2HKRS4H73SH483676
,JF2GUADC9RH238815
,KMHD84LF2KU839169
,4T3RWRFV2SU175104
,5FNRL5H6XEB131949
,5J6RM4H50GL123416
,5J6RW5H35HL005958
,19XFB2F51FE206432
,5XYRKDLF9NG113777
,WAUHFAFL2BN020441
,JN1BJ1CR5JW206714