ORDER,58ADZ1B10NU133431
40719,JTHBK1GG3F2152670
,2T2BBMCA2PC014749
,JA4J4VA89NZ060575
,5UX43EU0XR9U04348
,1GYKPCRS6LZ145046
,1C4PJXDG5RW315110
,1C4PJXDG6RW357222
,1C4PJXDG8RW302027
,1C4PJXDG9RW315109
,1C4PJXDGXRW357224
,1C4PJXDN3RW306985
,1C4PJXDN4RW366970
,1C4PJXDN5RW306986
,1C4PJXDN8RW306481
,1C4PJXDNXRW306482
,1C4PJXEG0RW315112
,1C4PJXEG4RW273611
,1C4PJXEG5RW247194
,1C4PJXEG5RW265999
,1C4PJXEG6RW266000
,1C4PJXEG6RW345697
,1C4PJXEG9RW315111
,1C4PJXEN8RW308648
,1C4PJXENXRW332059
,1C4PJXFG1RW350501
,1C4PJXFG5RW338593
,1C4PJXFG5RW369634
,1C4RDJAG1RC250937
,1C4RDJDG3SC502298
,1C4RDJDG4SC506845
,1C4RJHAG0SC272385
,1C4RJHAG1R8590951
,1C4RJHAG1SC272394
,1C4RJHAG2RC185114
,1C4RJHAG2RC255873
,1C4RJHAG2SC272386
,1C4RJHAG3R8527673
,1C4RJHAG3R8590949
,1C4RJHAG3SC272395
,1C4RJHAG4RC189150
,1C4RJHAG4RC255874
,1C4RJHAG4SC272387
,1C4RJHAG5RC209633
,1C4RJHAG6RC247310
,1C4RJHAG6SC272388
,1C4RJHAG7RC215773
,1C4RJHAG8RC248670
,1C4RJHAG8SC272389
,1C4RJHAG8SC272392
,1C4RJHAG9RC215774
,1C4RJHAGXRC247312
,1C4RJHAGXSC272393
,1C4RJHBG0R8608516
,1C4RJHBG1RC195132
,1C4RJHBG2RC105275
,1C4RJHBG3RC223979
,1C4RJHBG4R8513456
,1C4RJHBG4R8581708
,1C4RJHBG4RC105276
,1C4RJHBG5RC232358
,1C4RJHBG6R8513457
,1C4RJHBG7RC231390
,1C4RJHBG8R8513458
,1C4RJHBG9R8608515
,1C4RJHBG9RC211030
,1C4RJHDG6R8528313
,1C4RJKAG0R8564807
,1C4RJKAG0R8608496
,1C4RJKAG2R8608497
,1C4RJKAG3R8504083
,1C4RJKAG3R8608492
,1C4RJKAG4R8541062
,1C4RJKAG4R8608498
,1C4RJKAG5R8580050
,1C4RJKAG5R8608493
,1C4RJKAG6R8503395
,1C4RJKAG6R8541063
,1C4RJKAG7R8580051
,1C4RJKAG7R8608494
,1C4RJKAG8R8541064
,1C4RJKAG9R8564806
,1C4RJKAG9R8608495
,1C4RJKBG0R8522362
,1C4RJKBG0R8617147
,1C4RJKBG1R8564801
,1C4RJKBG2R8508575
,1C4RJKBG2R8518118
,1C4RJKBG2R8617148
,1C4RJKBG3R8564802
,1C4RJKBG3R8591174
,1C4RJKBG4R8503832
,1C4RJKBG4R8527676
,1C4RJKBG4R8578045
,1C4RJKBG5R8515598
,1C4RJKBG6R8503833
,1C4RJKBG6R8578046
,1C4RJKBG7R8591176
,1C4RJKBG8R8517166
,1C4RJKBG8R8578047
,1C4RJKBG8R8581711
,1C4RJKBG8R8584141
,1C4RJKBG9R8564805
,1C4RJKBG9R8591177
,1C4RJKBG9R8617146
,1C4RJXN61RW305530
,1C4RJXN61RW318777
,1C4RJXN63RW305531
,1C4RJXN64RW317106
,1C4RJXN65RW194772
,1C4RJXN66RW317107
,1C4RJXN67RW351122
,1C4RJXN69RW351123
,1C4RJXN6XRW313206
,1C4RJXP62RW232696
,1C4RJXP69RW228449
,1C4RJXP69RW228452
,1C4RJXSJ2RW229261
,1C4RJXSJ2RW341154
,1C4RJXSJ3RW350493
,1C4RJXSJ4RW229262
,1C4RJXSJ5RW350494
,1C4RJXU63RW317115
,1C4RJXU69RW360647
,1C4RJYB60R8509508
,1C4RJYB62R8509509
,1C4RJYB63R8573719
,1C4RJYB64RC106662
,1C4RJYB67RC107403
,1C4RJYB68RC106664
,1C4RJYB69RC107404
,1C4RJYB6XR8573720
,1C4RJYB6XRC106665
,1C4RJYD6XP8786614
,1C4SDJCT0RC122829
,1C4SDJCT0SC507295
,1C4SDJCT1SC502297
,1C4SDJCT2SC502292
,1C4SDJCT2SC507296
,1C4SDJCT4SC502293
,1C4SDJCT6SC502294
,1C4SDJCT8SC502295
,1C4SDJCT9RC193334
,1C4SDJCTXSC502296
,1C4SDJGJ1RC218879
,1C4SDJGJ4RC218942
,1C4SDJGJ7RC219096
,1C4SDJGJ8RC218894
,1C4SDJGJ8RC219222
,1C4SDJH9XRC144768
,1C4SJSAP1RS118508
,1C4SJSDP8PS503198
,1C4SJSFP4RS187802
,1C4SJSFP6RS187803
,1C4SJSFP6RS190927
,1C4SJSGP5RS117174
,1C4SJVAP3RS192658
,1C4SJVBP0RS133937
,1C4SJVBP0RS134375
,1C4SJVBP1RS116290
,1C4SJVBP2RS134376
,1C4SJVBP3RS116291
,1C4SJVBP9RS116294
,1C4SJVFPXRS106187
,1C6HJTAG0RL131929
,1C6HJTAG7RL131927
,1C6HJTAG8RL120208
,1C6HJTAG9RL131928
,1C6HJTAGXRL120209
,1C6RRFFG1SN572356
,1C6RRFFG3SN572357
,1C6RRFFG8SN572354
,1C6RRFFG8SN575965
,1C6RRFFGXSN575966
,1C6RRFGG5SN560256
,1C6RRFGG9SN560258
,1C6SRFFP0SN551774
,1C6SRFFP0SN556361
,1C6SRFFP1SN541349
,1C6SRFFP1SN556367
,1C6SRFFP2SN556362
,1C6SRFFP3SN528263
,1C6SRFFP3SN551770
,1C6SRFFP3SN556368
,1C6SRFFP3SN568634
,1C6SRFFP4SN556363
,1C6SRFFP5SN529513
,1C6SRFFP5SN538647
,1C6SRFFP5SN551768
,1C6SRFFP5SN551771
,1C6SRFFP6SN528967
,1C6SRFFP6SN540357
,1C6SRFFP6SN541346
,1C6SRFFP6SN556364
,1C6SRFFP7SN538648
,1C6SRFFP7SN551769
,1C6SRFFP7SN551772
,1C6SRFFP8SN528968
,1C6SRFFP8SN541350
,1C6SRFFP8SN556365
,1C6SRFFP9SN551773
,1C6SRFFP9SN601619
,1C6SRFFPXSN531872
,1C6SRFFPXSN556366
,1C6SRFGP0SN556374
,1C6SRFGP2SN556375
,1C6SRFGP4SN556376
,1C6SRFGP6SN556377
,1C6SRFGP8SN556378
,1C6SRFGP9SN556373
,1C6SRFHP0SN595464
,1C6SRFHP2SN595465
,1C6SRFHP4SN610483
,1C6SRFHP7SN595462
,1C6SRFHP9SN595463
,1C6SRFHPXSN592460
,1C6SRFJP1SN546266
,1C6SRFJP5SN593042
,1C6SRFJP7SN593043
,1C6SRFJT2RN171060
,1C6SRFKP6SN608372
,1C6SRFKP7SN568996
,1C6SRFKP8SN590361
,1C6SRFKP9SN569504
,1C6SRFU92RN195536
,2C3CCABGXPH664921
,2C3CCABT6PH676951
,2C3CDXGJ4PH659847
,2C3CDXGJ6PH659848
,2C3CDXGJ8PH659849
,2C4RC1BG1RR190117
,2C4RC1BG2RR110887
,2C4RC1BG2RR173956
,2C4RC1BG2RR203456
,2C4RC1BG2SR505206
,2C4RC1BG4RR203457
,2C4RC1BG4SR505207
,2C4RC1BG5RR190119
,2C4RC1BG5RR190122
,2C4RC1BG5RR202690
,2C4RC1BG6RR203458
,2C4RC1BG6SR505208
,2C4RC1BG7RR108679
,2C4RC1BG7RR202433
,2C4RC1BG7RR202691
,2C4RC1BG8RR202683
,2C4RC1BG8RR203459
,2C4RC1BG9RR202692
,2C4RC1BGXRR202684
,2C4RC1GG1RR130413
,2C4RC1GG3RR130414
,2C4RC1GG3RR190130
,2C4RC1GG5RR190131
,2C4RC1GG9RR180976
,2C4RC1GGXRR130412
,2C4RC1PG6RR126695
,2C4RC1S71SR505276
,2C4RC1S73RR196792
,2C4RC1S78SR505274
,2C4RC1S7XSR505275
,2C4RC3GG1RR131122
,2C4RC3GG7RR127818
,2C4RC3PG0RR123948
,3C4NJDAN0ST503814
,3C4NJDAN0ST503828
,3C4NJDAN0ST503831
,3C4NJDAN1ST515700
,3C4NJDAN2ST503815
,3C4NJDAN2ST503829
,3C4NJDAN2ST503832
,3C4NJDAN3ST515701
,3C4NJDAN4ST503816
,3C4NJDAN4ST503833
,3C4NJDAN6ST503817
,3C4NJDAN6ST503834
,3C4NJDAN7ST515698
,3C4NJDAN9ST503813
,3C4NJDAN9ST503830
,3C4NJDBN0ST515704
,3C4NJDBN0ST526489
,3C4NJDBN1ST526484
,3C4NJDBN2RT578183
,3C4NJDBN2ST515705
,3C4NJDBN2ST526476
,3C4NJDBN3RT165155
,3C4NJDBN4RT140250
,3C4NJDBN4ST526477
,3C4NJDBN4ST526480
,3C4NJDBN6RT165151
,3C4NJDBN6ST526478
,3C4NJDBN6ST526481
,3C4NJDBN7RT142560
,3C4NJDBN7ST515702
,3C4NJDBN7ST526490
,3C4NJDBN8RT140249
,3C4NJDBN8ST526479
,3C4NJDBN8ST526482
,3C4NJDBN9RT142558
,3C4NJDBN9RT142561
,3C4NJDBN9ST515703
,3C4NJDBN9ST526488
,3C4NJDBN9ST526491
,3C4NJDBNXRT165153
,3C4NJDBNXST526483
,3C4NJDCN1ST503821
,3C4NJDCN3ST503822
,3C4NJDCN7ST526486
,3C4NJDCN9ST526487
,3C4NJDCNXST503820
,3C4NJDDN1RT140302
,3C4NJDDN3RT108354
,3C4NJDFN4RT142641
,3C4NJDFN6RT142642
,3C4NJDFN7RT153861
,3C4NJDFN8RT142643
,3C63R3HL2RG377772
,3C63R3HL4RG377773
,3C63RRGL0RG346833
,3C63RRGL5RG358945
,3C63RRGL7RG358946
,3C63RRGL7RG371860
,3C63RRGL9RG358947
,3C63RRGL9RG371861
,3C6MRVJG0RE131182
,3C6MRVJG8RE143855
,3C6MRVSG2RE131179
,3C6MRVSG9RE131180
,3C6TR5EJ1RG332384
,3C6TR5EJ6RG356681
,3C6UR5CJ0RG327068
,3C6UR5CJ1RG370625
,3C6UR5CJ1RG375596
,3C6UR5CJ1RG375601
,3C6UR5CJ2RG327069
,3C6UR5CJ3RG327064
,3C6UR5CJ3RG375597
,3C6UR5CJ3RG375602
,3C6UR5CJ4RG327056
,3C6UR5CJ5RG327065
,3C6UR5CJ5RG375598
,3C6UR5CJ6RG327057
,3C6UR5CJ7RG327066
,3C6UR5CJ7RG375599
,3C6UR5CJ8RG327061
,3C6UR5CJ8RG370623
,3C6UR5CJ9RG327070
,3C6UR5CJXRG327059
,3C6UR5CJXRG327062
,3C6UR5CJXRG370624
,3C6UR5CJXRG375600
,3C6UR5CL2RG356699
,3C6UR5CL5RG356700
,3C6UR5CL6RG359556
,3C6UR5CL8RG359557
,3C6UR5CLXRG292900
,3C6UR5CLXRG359558
,3C6UR5DJ4RG356720
,3C6UR5DJ6RG345895
,3C6UR5DJ6RG356718
,3C6UR5DJ6RG356721
,3C6UR5DJ8RG356719
,3C6UR5DJ8RG356722
,3C6UR5DJXRG345897
,3C6UR5DJXRG356723
,3C6UR5DL0RG133740
,3C6UR5DL1RG158954
,3C6UR5ELXRG356687
,3C6UR5FJ1RG376789
,3C6UR5FJ8RG376790
,3C6UR5HJ4RG375617
,3C6UR5HJ6RG375618
,3C6UR5HJ9RG332391
,3C6UR5PL1RG369597
,ZACNDFAN1R3A34986
,ZACNDFAN2R3A34267
,ZACNDFAN4R3A15297
,ZACNDFAN4R3A37803
,ZACNDFAN6R3A37253
,ZACNDFAN6R3A37754
,ZACNDFAN6R3A41755
,ZACNDFAN7R3A21403
,ZACNDFAN7R3A35026
,ZACNDFAN8R3A32491
,ZACNDFAN9R3A21614
,ZACNDFBNXR3A12080
,ZACPDFCW0R3A18406
,ZACPDFCW3R3A18741
,ZACPDFCW9R3A18923
,19UUB3F70FA008718
,1C3LN65L78X074415
,1C4BJWDG2HL691011
,1C4GJWBGXFL548619
,1C4GJXAN4MW752396
,1C4HJXDG1LW347290
,1C4HJXDG1PW568314
,1C4HJXDG4LW312775
,1C4HJXDG5MW519824
,1C4HJXDGXKW609239
,1C4HJXDN2JW142282
,1C4HJXDN2LW332439
,1C4HJXDN9LW338142
,1C4HJXEG9NW247472
,1C4HJXEN1MW666560
,1C4HJXEN8JW325779
,1C4HJXFG9JW137773
,1C4JJXP60MW824104
,1C4JJXP64MW676751
,1C4JJXP64MW751058
,1C4JJXP66MW682356
,1C4JJXP69MW828975
,1C4PJLABXEW112922
,1C4PJLMX3MD180061
,1C4PJMBX4JD516479
,1C4PJMDN2MD162641
,1C4PJMDS4EW281027
,1C4PJMDX1MD147792
,1C4PJMDX2MD222886
,1C4PJMDX4MD179054
,1C4PJMDXXMD147970
,1C4PJMMB8PD110148
,1C4PJMMX2MD123193
,1C4PJMMX3MD121713
,1C4PJMMX4MD181824
,1C4PJMMX6MD143513
,1C4PJMMX7MD149787
,1C4PJMMXXMD109106
,1C4RDJAG8MC765135
,1C4RDJDG8MC751716
,1C4RDJDG8NC104475
,1C4RDJDGXNC220227
,1C4RJFAG2LC328221
,1C4RJFAG5MC510058
,1C4RJFAG7MC504214
,1C4RJFAG8LC416190
,1C4RJFBG0FC651685
,1C4RJFBG9MC798830
,1C4RJFBGXLC234506
,1C4RJFCT0FC661872
,1C4RJHAG0PC522358
,1C4RJKAG1P8814861
,1C4RJKBG1N8510909
,1C4RJKDG6M8131092
,1C4RJKDG7M8132493
,1C4RJYC64N8742350
,1C4SJVAT1NS206290
,1C6HJTAG0ML573070
,1C6HJTAG4ML575601
,1C6HJTAG8ML533982
,1C6HJTAG9LL193174
,1C6HJTAGXNL162230
,1C6JJTAM4NL118523
,1C6RR7FT8FS561106
,1C6RR7GG0LS109843
,1C6RR7LG3FS612194
,1C6RR7MT9FS702428
,1C6RR7NT4ES328050
,1C6RR7TMXES415284
,1C6RRFFG4MN512381
,1C6RRFFG8MN811484
,1C6RRFJG5NN270287
,1C6SRFFT5MN804295
,1C6SRFFT7MN670745
,1C6SRFFT9MN701395
,1C6SRFHMXMN749221
,1C6SRFJT6MN793153
,1C6SRFMT2MN771243
,1FM5K8D87HGB31181
,1FM5K8GT7FGC38664
,1FMCU0F66NUA83314
,1FMCU0GD6HUD93366
,1FT8W3DT6LEE58334
,1FTFW1E59NFB95460
,1G1FY6S09L4122056
,1G1YD3D71E5114950
,1G6DJ1E3XC0103411
,1GKKNKLS0MZ197728
,1GKKNPLS0HZ130923
,1GKKRTED7CJ218273
,1GKS2GKC3HR177124
,1GKS2HKC6FR615203
,1GNEVKKW2PJ195096
,1GNSCHKC7FR207065
,1GNSKTKL8MR157926
,1GTPUEEL8NZ601646
,1GTW7AFF4H1905032
,1HGCV1F38NA080284
,1J4GR48K85C612092
,1N4BL4BV8KC232997
,1N6BA1F46JN525751
,1V2HR2CA1RC534188
,2B3CM5CT0BH552750
,2C3CDXBGXJH163986
,2C3CDXCT2LH176407
,2C3CDXGJ0PH680016
,2C3CDXGJ5PH690122
,2C3CDXGJXPH506650
,2C3CDXHG3NH208733
,2C3CDXHG5MH673173
,2C3CDXL97PH609908
,2C3CDZBT7HH617162
,2C3CDZFJ8PH541300
,2C4RC1BG3PR552641
,2C4RC1BG4PR521365
,2C4RC1BG5HR519075
,2C4RC1DG2MR525861
,2C4RC1EG5LR134264
,2C4RC1GG7LR250983
,2C4RC1GG8KR507132
,2C4RC1GG8NR176623
,2C4RDGBG2HR548016
,3C4NJDBB9LT252507
,3C4NJDDB4KT595172
,3C6JR6AT3DG559315
,3C6JR6DG1PG640123
,3C6JR6DGXPG665036
,3C6TRVDG5KE509543
,3C6UR5CLXMG559851
,3D7KS28A08G158220
,3GCPCREC8GG292855
,3GCPDCEK8NG605241
,3GKALTEG6RL237535
,3GKALTEV8KL198094
,3GNAXKEG4RS115313
,3GNAXKEG9RS101777
,3GTU2MEC6GG125497
,3GTUUEET0NG539050
,3N1CP5CV0LL503406
,3VVCX7B26NM000297
,4JGDA5HB2CA039880
,4T1B11HK3JU592792
,4T1BZ1HK1JU501608
,5FNYF7H53NB003882
,5J6RW2H97HL013420
,5N1BT3BB2PC871065
,5TDKKRFH6ES014137
,5TFDY5F16MX011878
,5XXGN4A79EG296919
,JF2SKAMC6PH448298
,JM3TB2CA9C0348351
,JN8AY2CD4P9695021
,JTM16RFVXNJ016024
,KL4AMDSL9RB003305
,KL79MRSL4RB047845
,KL7CJKSB5MB314495
,NM0LS7E29L1464152
,SALGS2RE6JA514457
,WDBWK56F26F102370
,YV4A22PL0N1863583
,ZACNJDB10PPP57997
,ZACNJDD18MPM36895
,ZACNJDD19MPM97334
,ZARFAMAN7M7641853
,
40763,2G1WV58K881357028
,1GTP6FEK0P1125126
,1C4RJKAG9R8564806
,1C6SRFFT9LN132563
,1C6RR7GG0LS109843
,1C4HJXEG0NW167512
,1C4RJKBG8R8581711
,2G4GL5EX7H9109531
,KL7CJKSB5MB314495
,5N1AZ2MS1KN151139
,KMHLN4AGXMU114065
,5TDKKRFH6ES014137
,
40809,3C6UR5HJ2RG332149
,JTMZD31V786079134
,2T3P1RFV2PC340633
,1C6SRFFPXSN603525
,
40872,1C4RJKBG5R8515598
,2C4RC1BG2RR180583
,1C6SRFFP2SN556362
,1C6RRFGG6SN576496
,1C4SJVGP0PS504522
,
40927,1C4PJMMX5MD178737
,1C4HJXDN6MW832217
,ZACNDFAN4R3A15770
,5FNRL6H72KB025702
,1C4RJKBG8R8581711
,2C4RC1EGXKR675437
,1C4RJHAG2R8573267
,1C4HJXEG4JW125810
,2G11Z5S35K9148628
,1C4SJSFP6RS190927
,1C6SRFFPXSN603525
,KL4CJASBXJB686112
,1C4SDJGJ4RC218942
,1GCSKSE38AZ216354
,
40981,1C6SRFFP7SN551772
,1C6SRFFP9SN551773
,1C6SRFFT9LN132563
,1C6RR7NM1HS876844
,
41040,2T3RFREV2GW507177
,2C4RC1BG3RR203059 
,
41101,3C6LRVNG3RE136298
,3C6LRVNG1RE128314
,1D7RW3GP0BS649000
,3TMCZ5AN6JM176107
,ZACNJBD16LPL88378
,ZFBHRFBB5K6M04926
,1C6SRFFP7SN551769
,5YJ3E1EB4MF992777
,5XYZHDAGXBG063008
,2C4RC1BG3RR203059
,
41146,1C6SRFMT8NN165012
,1G1FY6S09L4122056
,2C4RC1BGXSR507768
,1FM5K8HC2LGA70264
,5XYZU3LB1EG160898
,1ZVBP8EM4D5252418
,1C4RJKBG7R8617145
,1C4AJWAG5FL568641
,1C4PJXFG7RW338594
,
41171,2C4RC1BG8HR519281
,4USBT33453LR61299
,KL4CJASB9JB705023
,1C4PJXFG7RW369635
,3C4PDCBB1KT719332
,1C6HJTAG7RL134391
,1C6HJTAG0RL134393
,
41212,1C4RJKBG7R8617145
,1C4RJHBG7RC231390
,1C4PJXDGXRW357224
,2C4RC1HG7GR271501
,3GCPDCEK8RG181467
,2C3CDXGJ6PH659848
,1C4PJMDB5GW261601
,
41260,2C4RC1BG1SR507769
,1C4HJXDN9LW338142
,1C6HJTAG9RL134392
,2C4RC1BG8HR519281
,2C4RC1BG8SR507770
,1C4SDJCT7SC506497
,1C6SRFJP9SN607489
,2C4RC1BGXSR507771
,1C4RJHAG7RC215773
,1C4GJWBG8FL647908
,ZACNDFAN9R3A21614
,2C3CCAGGXEH352796
,3C6UR5CJXRG370624
,ZACNDFAN7R3A21403
,1C4SJSAP0RS197265
,1C4SJVAP5RS197263
,
41300,1C4RJKAG8R8541064
,2C4RC1BG4SR505207
,1C6SRFFP5SN629336
,1C6SRFGP4SN625647
,1C4PJXFG5RW369634
,1C4RJHAG8SC272392
,1C4SDJCT7SC506385
,1C6SRFHP5SN621069
,
41340,1C6SRFFT0PN532355
,1C4RDJDG6RC136217
,3GCUKSEC7FG179717
,1C6RR7KT8ES170803
,3N1CP5DV0RL472052
,1FAHP2E80FG122291
,2C3CDZBT2HH571692
,1C4RJHAG6SC272388
,1C4RJHAG4SC275435
,1C6SRFGP4SN625647
,1C6RRFGG4SN576495
,1C6SRFFP7SN629337
,1C4RJHAGXSC272393
,
41388,1GKS2GKC9HR180559
,JN8AY2CD4P9695021
,1GCUYEED2MZ117194
,1C4RJHAG7RC215773
,1C6SRFFP9SN629338
,1C6SRFFP7SN633453
,1C6SRFFP5SN633452
,1C6SRFFP3SN632980
,1C6SRFHP7SN595462
,1C4RJHAG6SC275436
,3C4NJDBN6ST526478
,
41438,4JGFB4KB6NA615353
,4T1G11AK2LU328370
,1C6SRFLPXSN635220
,1C6RRFGG6SN639144
,1C4RJHAG1SC275439
,1C6RRFGG8SN639145
,1C6SRFFP7SN633453
,1C6SRFFP5SN633452
,1C6SRFLP8SN622207
,
41482,1GKS2CKJ3HR224613
,2C3CDZAGXJH116597
,1C6RRFGGXSN639146
,2C4RC1CG3SR514429
,1C4RJHAG7RC215773
,1C4RJHAGXSC275438
,1C6SRFFP5SN632978
,1C6SRFLP9SN634804
,1C4RJKBG4R8527676
,1C4RJHAG6SC275436
,3C4NJDBN4ST526480
,1C6RRFGGXSN639597
,1C6RRFGG5SN639362
,1C4RJHAG8SC275440
,
41545,1C4RDJDG6MC523777
,1C4HJXDG4MW670346
,2C4RC1BG6NR177888
,2C3CCABG6PH545408
,2C3CDXGJ5PH690122
,2C4RC1BG0NR139377
,1C6SRFFT0LN159618
,3C4NJDAB1MT578840
,2C3CCAGGXEH352796
,5FNRL6H72KB025702
,3C63RRGL2KG628977
,MAJ6P1WL9JC181036
,1GYS4DKJXHR401924
,3C6RR7LT5HG688510
,1C6SRFBT7MN615332
,1G1JC5SH3F4175333
,2C4RDGEG2HR799341
,1C4HJXDG7KW531888
,5UXTY5C06M9F41703
,1HGCR3F84FA013808
,1G4GD5E34CF304657
,1C4BJWEGXCL216357
,1FT7W2BA3REE01301
,1C4HJXEN4KW687271
,1FTEW1E82HFB46532
,1GCGTDEN2K1268045
,3GTUUCE83RG437182
,5TFHW5F18JX699241
,1C4PJMCBXKD478518
,1C4SJVBP9RS116294
,1C4SJVBP2RS134376
,3C4NJDAN3ST515701
,1C4SDJCT1SC502297
,2C4RC1BG3RR203059
,3C4NJDAN9ST515699
,1C6RRFGG7SN639363
,1C4RJYB67RC107403
,1C4RJHBG9SC273274
,3C4NJDCN7ST526486
,1C6SRFJP2SN626952
,
41567,1C6HJTFG5LL157121
,1C4RJKAG7P8733136
,1J4GL58K73W723557
,1GNSKSKD1PR217942
,2C4RDGEG2HR799341
,1GKS2CKJ3HR224613
,1FMCU0G62LUA29522
,WBAFV3C5XGD687492
,1C6RRFGG4SN639143
,2C4RC1CG3SR514429
,2C4RC1BG3RR203059
,3C4NJDBN4ST526480
,
41584,3C4NJDCB2KT651403
,1C6SRFLT8MN571579
,1C4PJLMX2MD120336
,1FMCU9J93GUC58448
,JF2SJAFC3GH557429
,2C3CDZAGXJH116597
,5NMJFCAE5PH198938
,1C6RR7PT9GS398109
,3GKALMEV0LL139208
,5NTJDDAF8PH049495
,1FT7W2BT4KEF51571
,2FMPK4K97NBA52187
,1C6RRFGG0SN601313
,1C6RRFGG2SN601314
,2C4RC1BGXSR507771
,1C6RRFGG5SN639362
,1C4RJXP62RW232696
,3C6UR5CJ5RG375598
,1C4RJHAG4SC272387
,1C4RJHAGXSC275438
,3C6UR5DJ9RG390006
,1C6SRFFP7SN632979
,1C6SRFHP1SN621070
,3C6UR5FJ8RG376790
,1C4RJHAG8SC275440
,2C4RC1BG2RR110887
,3C4NJDBN1ST526484
,3C6UR5DJ3RG392317
,1C4RJYB69R8509507
,1C4SJSFP6RS187803
,1C6RRFGG8SN639596
,1C6SRFFP5SN632978
,1C6RRFGG1SN639598
,1C4RJYB64RC106662
,1C6RRFGGXSN639146
,1C4PJXFG9RW369636
,2C4RC1CG3SR514429
,1C6SRFLP7SN634803
,1C4RJKBG4R8527676
,1C6SRFFP4SN641817
,
41609,2C4RC1BG6NR177888
,1C6SRFFT5PN533324
,2C3CDXHG4PH642663
,2C3CDXHG3NH208733
,2C3CDYAG3CH294168
,1FATP8UH9G5305183
,1GNSCBKC5GR300391
,1GKS2CKJ3HR224613
,3GTU2NEJ6HG399708
,1C4RDJDG5SC509883
,3C63R3GJ9RG391443
,3C63R3GJ3RG392443
,3C6UR5FJ1RG376789
,1C6SRFFP6SN641818
,1C6RRFGGXSN639597
,3C6UR5DJ7RG390005
,3C6UR5DJ0RG390010
,1C6SRFFP4SN641820
,1C4RJHAG7RC215773
,1C6SRFFP8SN641819
,1C4RJKAG9S8641325
,3C6UR5HJ4RG375617
,1C6SRFLP0SN634805
,1C6SRFLP1SN622209
,
41731,2C3CCAAG9JH314236
,1C4HJXDN3NW154835
,1C6RR7LT1KS520248
,1C4PJMMB1PD110038
,1C6HJTFG7PL527300
,1C6SRFLM8LN413427
,2C3CDXBG1MH632466
,2C4RC1GG8NR153374
,1C6HJTAG0NL160776
,1C4PJMMB1PD112291
,1C6RR7GG6NS237457
,1C4RDJDG9PC682961
,2C3CDZAG0NH263503
,1C4SDJH9XPC614911
,1C4RDJEG4LC146847
,2C3CDXBG1PH651801
,1C4PJLCB6HW592197
,2C3CDXBG0MH642843
,2C4RC1BG9NR142942
,1C6RR7MT2ES213917
,1C6RR7LGXNS203995
,2C4RC1FG4LR238128
,2C3CDXBG9MH632635
,1C4PJMMB3PD114351
,2C4RC1BG5PR521388
,2GNALCEK4G6324990
,1GTU9DED9KZ120985
,1GCVKSEC4HZ236866
,JN8AY2NC0J9554085
,2FMPK4K99KBC11061
,1FAHP2FW7AG109785
,1C4JJXFG0NW157949
,1GKKVTKD8GJ282327
,1N6AD09UX7C420837
,1J4GL48K13W697175
,5GRGN22U55H112862
,1C6RR7KG4HS812232
,1GKKNMLS3LZ132365
,1FTEW1EP2GKE94439
,KL8CD6SA1MC735514
,1C6SRFLP6SN547250
,KL8CD6SA3MC748684
,3VWLL7AJXDM352801
,KNMAT2MT5FP589347
,2C4RC1BG5KR655780
,3C6TR5DT5GG379112
,2T3P1RFV3MW157736
,3N1CP5CV7RL473104
,1C6JJTEG4ML608723
,1GYKPDRS0PZ144373
,3GCUYEET8MG391345
,JN8BT3DC1PW102280
,KNDJ23AU2N7826235
,1C4HJXDG5MW570501
,3C6UR5DL5HG519228
,KNDJ23AU6N7175692
,1C4PJXDG8RW357223
,1C6SRFJP6SN629871
,1C6SRFFP0SN629339
,1C4RJKAG0S8641326
,1C6SRFJP8SN643819
,3C6UR5EL3RG359267
,1C6SRFHP1SN613387
,
41867,1C4HJXDN9MW589809
,1C4RJFBG8KC813640
,1C4PJLCB8GW291591
,3C4PDCEG6JT369816
,1C4BJWDG4GL304425
,2C3CDZFJ6FH783310
,1C4RJFAG7KC787498
,1C6JJTBG4NL102427
,1C4RJFDJ1HC826215
,3N1AB8BV2LY234238
,1G4HP572X6U106349
,3VWRW31C49M501125
,1GCHK23G56F168451
,1GCPDDEK1NZ509246
,JN8AF5MV5DT208924
,1C4RJFBG6JC225783
,5GAKRBKDXEJ258720
,1C6RR7FM2ES302716
,1C4NJDEB9ED650028
,1GKKVRKD9GJ314205
,1FTFX1EG5FKF04493
,1G1ZB5E08CF271616
,JHMGE8H45AS021792
,1C6RR7KT5ES261608
,1C4HJXAN8KW682001
,1GYS4KKJ9GR129482
,3GCUKREC5JG333374
,2C4RC1CG5ER304208
,ZACNJDB10PPP40360
,1C4RJHAG8SC278211
,
BASELINE 2.21,2C3CDXBGXPH530250
,1C4HJXDG1PW568314
,2C3CDZAG1NH263381
,1C4JJXP69MW799655
,1C4RJFAG6HC744943
,2C3CDXCT2NH261654
,1C4JJXP64MW751058
,2C3CDXHG1PH559966
,1C4RJFAG0GC354760
,2C3CDXBG8NH261405
,3C4NJDBN6RT106276
,ZACNJDAB0MPM28013
,2C4RDGCG2HR797902
,1C4RDJDGXRC153179
,2C3CDZAG8PH563003
,1C4SJVGP0PS504522
,2C4RC1GG8NR177562
,2C4RDGBG9HR633029
,2C3CDXCT9NH119091
,1C4PJMMB1PD112291
,2C3CDXBG1PH704044
,1C4PJMDX1MD147792
,2C3CDZJG9NH263595
,1C4RDJDG5RC144129
,1C4PJMMN2ND536733
,3C4NJDANXRT152419
,2C3CDXHG0PH571803
,1C4RDJDG6PC617369
,1C4SDJCT0MC850319
,2C3CDZAG7PH567656
,1C4SDJCT2NC221520
,1C4RDJDG8MC691596
,1C4SJVFJ4PS543644
,1C4HJXDN3NW154835
,1C6SRFFT3LN181970
,1C4RDJDG4PC603230
,2C4RC1BG4NR229406
,2C3CDZAG6NH258015
,1C4PJMMB1PD110038
,1C6SRFFT8PN533348
,1C6SRFJT5KN725746
,1C4RDJDGXRC144191
,3C6UR5DJ9HG753306
,1C4RDJDG3RC119536
,1C6HJTAG4LL186276
,1C6RRFFG0NN284266
,ZACNJDB10PPP40360
,1C4JJXP62NW112405
,ZACNJBAB9LPL14773
,1C4RJYD6XP8786614
,2C3CDZJG7NH257892
,1C4RJFBG6MC809380
,2C4RC1BG7NR106571
,2C4RC1GG8NR153374
,1C4JJXP69MW828975
,2C4RC1BG1NR228598
,2C4RC1GG7LR118189
,1C6SRFHMXMN749221
,1C6JJTAM0ML610514
,1C3CCCAB6FN552527
,1C4SDJCT5NC227280
,2C4RC1EG5LR217631
,2C4RC1FG4LR238128
,2C3CDXBG8PH522423
,1C4PJMMX3MD121713
,2C3CDXHG5NH145117
,2C3CDXBG9NH212889
,ZACCJBBB4JPH50937
,3C4NJDCB9JT115885
,1FMSK8DH3LGB59815
,1C4BJWDG2FL698764
,1C4NJRFB0HD188703
,1C4BJWEGXCL216357
,5N1AR2MN0FC715052
,1C4RJFBG2HC635166
,5XYZTDLB1EG198544
,WA1BNAFY5J2048185
,1N4BL4DV3NN379962
,2C3CDXBGXPH702874
,5XYP3DHC2NG240566
,1C4RJFLT4HC938865
,3GTU2UEC6EG338446
,JN8BT3DC1PW102280
,1N6AA1E5XKN503548
,1FMSK8DH9MGB91220
,1FMCU0F66NUA83314
,1GTP6FEK0P1125126
,3GNKBHRS4LS532846
,1GNSCBKC5GR300391
,1FTFW1E59LKD77504
,4S4BSAFC7K3307804
,2C4RDGCG7DR636665
,1GTPUEEL8NZ601646
,2C4RC1CG1DR664364
,1GCPDDEK1NZ509246
,1C6SRFLP6SN547250
,1G1ZD5ST1NF113016
,1HGCR3F84FA013808
,1GT49LEY3RF469794
,5N1AA0NE0FN609537
,JN8AY2NC3J9553903
,19XZE4F5XNE014151
,1D7HA18N14J112964
,1GCRKSE73CZ224673
,1C4NJCBB9GD514550
,1C4HJXDG4MW670346
,3GNAXUEG8PL179423
,3GCPDCEK8RG181467
,2T3P1RFV3NW291244
,KM8K12AA6MU660207
,2T3P1RFV3MW157736
,1C4RJFLT2MC854070
,1N6BA1F40KN526606
,1GTU9DED9KZ120985
,1FATP8UH9G5305183
,3MVDMBBM1RM624559
,3GCUYGED4KG185036
,KL4CJASB0GB604865
,3N1CN7AP4HK422556
,2C4RC1BG1HR576177
,KMHD04LB1JU482778
,KMHD84LF3HU196047
,1GCPTDEK0R1208166
,1J4BA7H1XBL606395
,1C3CCCAB5FN652876
,5GRGN22U55H112862
,2FMPK4AP9KBB13681
,3FA6P0HD4ER233924
,1FATP8UH0F5402559
,1C6RD7NT1CS291437
,2C4RDGEG1KR770047
,4S4BTALC2L3220007
,1GCUYEED2NZ156076
,1GNSKTKL8MR157926
,5UXTY5C06M9F41703
,1GYS4DEF4ER214827
,5GAEVAKW5LJ216537
,1C4RJKDGXM8184720
,2FMDK36C77BB33986
,3N1CN7AP4KL881426
,1C4RJFAT5CC162192
,KL8CD6SA9MC731629
,1LNHL9DK8DG611218
,3GTUUCE83RG437182
,1GKKNML45PZ210698
,5N1BT3CA5RC743881
,2FMPK3J88GBB30742
,1C6SRFHT2NN380427
,3MVDMBBM1PM529318
,2C4RC3BGXSR526199
,3C4NJDBN4ST541139
,3C4NJDAN4ST503833
,1C4RJHAG8SC299835
,1C6SRFJP2SN626952
,3C6LRVDG3SE531704
,3C4NJDAN4ST503816
,2C4RC1BG6SR505208
,1C6SRFJP1SN673728
,2C4RC1BG0SR534249
,3C63RRGL9RG371861
,1C4PJXFGXSW545356
,3C6UR5CJ7RG327066
,1C4PJXAG0SW531697
,1C6RRFGG2SN601314
,3C4NJDAN2ST503829
,3C4NJDBN9ST549267
,1C6SRFFP4SN656866
,3C4NJDBN2ST515705
,3C6UR5DJ4RG390012
,1C4SDJCT7SC506497
,3C6UR5CL8RG359557
,1C6SRFJP3SN673729
,3C4NJDBN9ST558373
,1C4RJHBG5S8655479
,1C6HJTAG9RL131928
,3C4NJDBN9ST541136
,1C4PJXEG4RW273611
,3C6UR5DL4RG390030
,1C6PJTAG2SL508729
,2C4RC1BG4SR505207
,3C63RRGL7RG358946
,1C6SRFFP8SN659933
,1C6SRFFP5SN629336
,1C6SRFJP3SN673732
,3C4NJDAN9ST515699
,1C6SRFFP3SN658527
,1C4RJHBG2SC294970
,ZACNDFAN6R3A37253
,1C4PJXDN6SW518236
,2C4RC1BG3SR535539
,2C4RC1BG6SR545935
,3C4NJDAN0ST503831
,1C4RJXP69RW228449
,3C6LRVDG0SE538948
,1C4RJKAGXS8659493
,1C4PJXDG6SW545325
,1C6SRFFP2SN659300
,3C6UR5CJ3RG375597
,1C4SDJCT7SC506385
,3C6UR5CJ9RG327070
,3C6UR5DL6RG390028
,1C4RJHAG4SC289108
,1C4RJXN63RW305531
,1C4SJSFP6RS190927
,3C6UR5DJ4RG356720
,1C4RJKAG0S8641326
,1C6SRFFP3SN656857
,1C4RJXP69RW228452
,1C4RJXN66RW317107
,2C4RC1BG8SR545936
,1C4RJKAG5S8659496
,3C6UR5DJXRG356723
,1C4SDJCT6SC502294
,3C6LRVDG2SE538949
,3C63RRGL7RG371860
,1C4PJXEN6SW531700
,3C6UR5CJ3RG327064
,1C4RJHAG2SC289110
,3C6UR5DL8RG390032
,3C6LRVCG1SE532352
,3C6MRVHG7SE532434
,1C4PJXEG5RW265999
,2C4RC1GG4SR533596
,3C6UR5CJ6RG327057
,1C6SRFLP2SN670026
,2C4RC1GG0SR508257
,1C4RJXN69RW351123
,1C4RJHBG1S8655480
,3C6LRVDG5SE538945
,2C4RC1BGXSR507768
,1C6SRFFP0SN656864
,3C4NJDAN6ST503817
,1C4PJXFN8SW508076
,3C4NJDAN1ST515700
,1C6SRFFPXSN659934
,2C4RC1S73SR514495
,1C6PJTAG9SL508730
,1C6RRFCG5SN659374
,3C6UR5DJ7RG392319
,ZACNDFAN9R3A21614
,3C6UR5DL6RG390031
,3C6UR5DJ0RG390010
,1C4SDJCT2SC507296
,2C4RC1GG0SR533594
,3C6LRVDG7SE538946
,3C6LRVDG4SE528035
,3C6LRVDG9SE538947
,1C6SRFFP5SN538647
,3C6UR5DJXRG390015
,3C6LRVDG6SE540977
,1C6SRFJP1SN673731
,3C6UR5DJ5RG392318
,1C6SRFJP4SN643820
,2C4RC1BG7SR534250
,3C6LRVDG3SE538944
,3C4NJDBN0ST549271
,1C4PJXFN3SW531703
,1C4RJXN67RW351122
,3C63R3HL2RG377772
,1C6SRFFP9SN656863
,3C6UR5DJ8RG390014
,1C4RJHAG4SC299833
,2C4RC1S75SR514496
,2C4RC1BG6SR516015
,3C6UR5CLXRG359558
,1C6SRFFP3SN667843
,1C4RJKAG7S8641808
,1C4PJXDN9SW545320
,1C4PJXFN1SW531702
,1C4RJHAG9SC290576
,3C6UR5CJ3RG375602
,3C4NJDBN6ST526481
,1C6SRFHP4SN610483
,1C4RJHBG4SC294968
,3C6UR5CJ4RG327056
,2C3CDBCKXSR537157
,ZACPDFCW3R3A18741
,3C6UR5CJXRG327059
,3C6UR5DJ2RG390011
,3C6UR5DL5RG384401
,1C4PJXDN2SW545319
,3C6UR5CJ5RG327065
,3C4NJDAN9ST503830
,3C6UR5DL9RG384403
,1C6SRFFP3SN632980
,1C6SRFGP9SN556373
,1C6SRFFP5SN656858
,1C4RJXN6XRW313206
,1C6PJTAG0SL508728
,1C4RJHAG6SC299834
,3C6LRVDG8SE540978
,1C4SJSAP1RS118508
,3C4NJDBN0ST549268
,3C6UR5CL2RG356699
,1C4PJXDN6SW521802
,1C4RJHAG4SC272387
,1C4PJXDG9RW315109
,3C4NJDBN2ST541138
,3C4NJDCN7ST549265
,2C4RC1GG9SR533593
,1C6SRFFP0SN629339
,3C4NJDBN2ST549272
,1C6SRFFP4SN641817
,1C6SRFFP2SN646885
,1C6SRFGP2SN556375
,1C4RJXDN9SW531698
,1C4PJXEN8SW531701
,1C6RRFCG7SN659375
,1C4PJXEG6RW266000
,3C4NJDBN0ST541137
,1C4PJXDN0SW545321
,1C4PJXDG8RW357223
,1C6SRFFP1SN658526
,1C4PJXDG2SW518235
,1C6SRFJPXSN673730
,1C6RRFGG6SN659376
,3C4NJDCN9ST549266
,3C4NJDBN4ST526480
,1C4RJXDN0SW531699
,
41906,1C6SRFFT0NN397469
,JH4DC538X4S008851
,5N1AA0NE0FN609537
,1FMSK8DH9MGB91220
,
42008,1C6RR7GG6NS237457
,2C4RC1BG9NR142942
,1C4PJMMB3PD114351
,2C3CDXBG9MH632635
,1C6SRFFT5PN533324
,1C4PJMMB1PD110038
,1C6HJTFG7PL527300
,1C6SRFLM8LN413427
,2C3CDXBG1MH632466
,2C4RC1BG5PR521388
,2C3CDZAG0NH263503
,1C4RDJEG4LC146847
,2C3CDXBG0MH642843
,1C4HJXDN3NW154835
,1C6HJTAG0NL160776
,1C4PJMMB1PD112291
,2C3CCAAG9JH314236
,5GRGN22U55H112862
,3N1CP5CV7RL473104
,2GNALCEK4G6324990
,1GNSCBKC5GR300391
,2T3P1RFV3MW157736
,1GKKNMLS3LZ132365
,KMHLL4AG4NU245452
,KL8CD6SA1MC735514
,JN8BT3DC1PW102280
,2C4RDGBG2DR746766
,1C4HJXEN4KW687271
,2FMPK4K99KBC11061
,1GCVKSEC4HZ236866
,JN8AY2NC0J9554085
,KNMAT2MT5FP589347
,KL8CD6SA3MC748684
,1C6SRFFP8SN600090
,2C4RC1S75SR514496
,1C6SRFFP7SN656862
,1C6SRFFP0SN629339
,2C4RC1S79SR528000
,1C6SRFHP1SN613387
,1C6SRFFP9SN656863
,3C6UR5DJ7RG390005
,3C4NJDCN4ST541124
,1C6SRFFP2SN656865
,2C4RC3BGXSR526199
,1C6RRFGG6SN639595
,2C4RC1BG2RR110887
,1C6SRFFP6SN641818
,3C6UR5DJ5RG392321
,1C6SRFLP7SN634803
,3C6UR5DJ7RG392319
,3C6UR5CJ3RG375597
,3C6UR5DJ0RG390010
,ZACPDFCW3R3A18741
,ZACNDFAN8R3A32491
,1C6SRFFP2SN646885
,3C6UR5DL4RG390030
,1C4RDJDG5SC509883
,1C6SRFFP7SN656859
,3C6UR5DL8RG390029
,1C6SRFJP4SN643820
,1C6RRFGG9SN657864
,3C6UR5DJ4RG390012
,1C4PJXFN8SW508076
,1C6SRFFP5SN656858
,2C4RC3BG2SR526200
,1C6SRFFP3SN656857
,3C4NJDCN6ST541125
,1C4RJKAG9S8641325
,1C6SRFFP5SN656861
,3C6UR5DL7RG384402
,1C4PJXDG2SW518235
,2C4RC1S73SR514495
,1C6SRFFP5SN658528
,1C6SRFFP0SN656864
,
42068,1C6HJTFGXML584408
,1C4AJWAG6HL548501
,2C4RDGCG1GR355983
,2C3CDZAT7FH843247
,1C4RJFBG5FC829750
,1C4RJFAG0GC354760
,1V2DC2CA0MC241391
,2G1WD58C289248657
,3GYFNBE3XGS547512
,3GTU2NEC1JG456324
,1GCPTDEK0R1208166
,2C3CDXJG2JH249262
,1J4BA7H1XBL606395
,JTDKN3DU2E1735458
,2C3CCAAG5DH504183
,5GAEVAKW1PJ182134
,2C4RC1FG6KR525338
,5FNRL5H60CB054912
,JN8AY2NC3J9553903
,1C6SRFFT9MN797643
,2C4RC1GG9HR650678
,1GNSKJKJ1KR114836
,2C4RC1S72NR207811
,2C3CDZFJ1FH706912
,2C4RDGCG7DR636665
,2C4RC1BG6SR516015
,1C4RDJDGXSC510267
,2C4RC1BG9SR534248
,3C6UR5DL6RG390028
,3C4NJDBN9ST549270
,1C6SRFFP2SN659300
,3C6UR5DL6RG390031
,3C6LRVDG7RE110319
,1C6SRFJP6SN643818
,3C6LRVDG1RE130145
,3C4NJDBN2ST533671
,3C4NJDBN8ST533674
,1C6RRFGG8SN659377
,1C4RJKAG2S8641327
,1C6SRFFP9SN646883
,1C6RRFGG8SN656897
,3C6UR5CJ6RG375190
,3C6UR5DJ2RG390011
,3C6UR5DL5RG384401
,1C6SRFFPXSN659934
,3C6UR5DL9RG384403
,1C4RJHAG2SC289110
,1C6SRFFP8SN659933
,1C4RJHAG2SC289107
,1C6SRFHP3SN621071
,1C4RJHAG6SC278210
,2C4RC1BG7SR534247
,1C6SRFFP3SN656860
,1C6RRFGG6SN659376
,3C4NJDCN9ST549266
,1C6RRFGG0SN657865
,2C4RC1GG4SR533596
,1C6SRFFP6SN659932
,2C4RC3BG6SR526197
,3C4NJDBN0ST549271
,1C6SRFFP4SN659301
,3C4NJDBN0ST533670
,2C4RC1GG2SR533595
,3C6LRVDG3RE100693
,3C4NJDCN5ST549264
,1C6SRFFPXSN600091
,2C4RC1GG0SR508257
,1C4RJHAG4SC289108
,3C6UR5DL0RG384404
,3C6UR5DL2RG390026
,3C4NJDBN4ST533672
,3C6LRVDG4SE528035
,
42110,1C4RJFBG5FC828750
,3C6UR5DL7PG617210
,1C6SRFFT8PN533348
,ZACNJDB19PPP58114
,1FTPF12V87KA94784
,2FMDK36C77BB33986
,5NPDH4AE3EH480850
,2C4RDGBG6GR244217
,1C4PJLCB8KD344651
,2C3CCABG0FH755713
,1C3CDZAB3CN265092
,3C63R3CJ0JG397383
,2C4RC3BG8SR526198
,1C4RJKBG7S8652662
,1C6SRFFP3SN658527
,1C4RDJDG3SC520588
,1C4RJHBG3S8655481
,1C6SRFFPXSN666978
,1C6RRFGG7SN657863
,2C4RC1GG4SR527118
,1C4RDJDG1SC520587
,1C6SRFFP1SN658526
,1C4PJXDN6SW521802
,3C4NJDBN0ST549268
,1C6SRFFP8SN666977
,2C4RC3GG9SR529121
,
42160,1C4RJEAG8JC125356
,1C6SRFFT8PN533348
,1C4JJXR6XMW802141
,2C4RC1BGXNR129021
,1C4RJFBG5FC828750
,1C4PJLCB8KD344651
,ZACNJDB19PPP58114
,1C6RR7LG5NS209882
,ZACNJDAB0MPM28013
,3C6UR5DL7PG617210
,ZACNJBBB3LPL88138
,1C6SRFBT1NN203487
,2FMDK36C77BB33986
,1C4RJFBG4EC407505
,2T3BFREV7GW536059
,1C6RR7YT6JS199217
,3MVDMBBM1PM529318
,5N1BT3AB5PC780213
,1FMCU0H69NUA65984
,1C4HJXDN0JW245765
,3C63R3CJ0JG397383
,2C4RC1BG0SR522747
,1C4RJHBG4SC286725
,1C4RJXP65SW520833
,1C4RJHBG0SC294966
,1C4PJXDN6SW521802
,3C4NJDBN0ST549268
,1C4RJHBG5S8655479
,1C4RJHBG1S8655480
,3C6LRVDG3SE531704
,1C6SRFFPXSN666978
,1C6RRFGG7SN657863
,2C4RC1GG4SR527118
,1C6SRFFP8SN666977
,1C4RJKBG9S8652663
,1C4RJKBG7S8652662
,2C4RC3GG9SR529121
,1C4RJHBG2SC294970
,2C4RC3BG8SR526198
,1C4RDJDG1SC520587
,1C4RJKAG8S8659492
,1C6SRFFP1SN658526
,3C4NJDBN2ST549269
,1C4RJHBG6SC294969
,1C4RDJDG3SC520588
,1C6SRFFP3SN658527
,
42232,2C3CDZAG6NH258015
,2C3CDZAG5NH258054
,ZACCJBBB9HPG10330
,2C3CDZJG4NH174727
,2C3CDZAG2NH257492
,2C3CDZAG0NH257460
,2C3CDXJG5NH162588
,2C4RC1EG6JR317671
,2C3CDZAG7NH257407
,2C3CDZAG3NH265889
,3C4NJDBN6RT106276
,1C6SRFJT3LN205742
,2C4RDGCG8CR288695
,4T4BF1FKXER364403
,ZACCJBBB4JPH50761
,1C4RJFJG3LC105735
,1D7HA16N43J519713
,1D7HA18N14J112964
,WBAWL13568PX19929
,1FADP3L93HL348917
,2FMPK3J90HBB67696
,3GCUKREC7HG417951
,1C4JJXP69MW799655
,1C4RJFLT2MC854070
,WDC0G4KBXGF105695
,1C4HJXEM1MW540481
,1C6SRFFT7KN540462
,3KPF24AD1KE121269
,1C4HJXENXLW339864
,5YFBURHE6EP061027
,1FMCU0G65LUC25101
,1GCGTCE30F1170758
,1C4RJKAG7S8659497
,1C4RJKAG1S8659494
,2C4RC1BG7SR534250
,1C4RJKAGXS8659493
,1C4RJXDN0SW531699
,3C6UR5DJ3RG392320
,3C6UR5DJ2RG390008
,3C4NJDBN9ST549267
,3C6UR5DJ4RG390009
,1C4RJKAG5S8659496
,2C3CDZC9XPH680726
,3C6UR5DJ6RG390013
,3C6UR5DJ0RG390007
,
42271,1FMCU0MN7PUA44308
,
42299,1C4RDJDG8MC691596
,1C6SRFFT2MN678882
,1C4SDJCT0NC105250
,JM3KFBCM1R0392699
,2A8HR44H38R142708
,1LNHL9DK8DG611218
,5N1AZ2MH4HN143789
,4S4BSAFC7K3307804
,1G1FF3D73G0165500
,KMTG34SC5RU143537
,2C4RDGEG1KR770047
,1C4PJXDG2SW504108
,1C6SRFFT6RN207406
,3C4NJDCN7ST549265
,1C4RJHAG7SC290575
,2C4RC1BG1SR535538
,2C4RC1GG2SR527117
,2C4RC1GG9SR533593
,1C4RJHAG9SC290576
,1C4RJKAG2S8652666
,1C4RJKAG3S8659495
,3C6UR5DJ8RG390014
,2C4RC1BG3SR535539
,1C6SRFFP3SN667843
,1C4PJXEN8SW531701
,3C4NJDBN9ST558373
,
42351,1C6RRFFG0NN284266
,1VWAT7A36FC112240
,KMHD04LB1JU482778
,1C6SRFFT3MN634115
,1GT49LEY3RF469794
,2C3CDZAG8LH180933
,5XYZTDLB1EG198544
,1C4PJXDN6SW518236
,1C4RJHAG4SC290579
,1C6SRECG9SN597943
,1C4PJXEN6SW531700
,2C4RC3GG7SR529120
,
42383,1C4SDJCT4NC221261
,1C4RJKDGXM8184720
,1C4JJXR63NW178362
,1C4SDJCT8NC220971
,1C4RDJDGXRC144191
,1C4SJVFJ4PS543644
,2C4RC1BG0NR117198
,2C4RC1GG8NR177562
,1C6SRFHT8LN400273
,3FA6P0HD4ER233924
,1N4BA41E18C810311
,1GKKNML45PZ210698
,1C3CCCAB6FN552527
,3C6RR7KT7KG657865
,2C4RC1GG7LR118189
,3N1CN7AP4KL881426
,3MVDMBBM1RM624559
,3GCUYGED4KG185036
,2C4RDGCG6ER222956
,1C4NJPFA0GD749251
,1N6BA1F40KN526606
,1C4RJFBG3LC425653
,2T3P1RFV3NW291244
,1C4NJCBB9GD514550
,1C4SDJCT2NC221050
,5N1AR2MN0FC710505
,1C4RJHAG0SC290577
,1C4RJHAG2SC290578
,2C4RC1GG0SR533594
,1C4PJXAG5SW518234
,1C4RJKAG0S8652665
,1C4RJHAG6SC289109
,1C4RJKBG0S8652664
,1C4RJHAG7SC290978
,2C4RC1BG0SR534249
,
42446,5GAKVCKDXFJ368668
,1GCUYEED2NZ156076
,1C6RD7NT1CS291437
,WA1LGAFE3DD016784
,1FTFW1E59LKD77504
,4T1BZ1FB7KU016314
,1N6AA1E5XKN503548
,5N1AR2MN0FC715052
,JTMDK4DV8A5092178
,1C4RJHBG2SC294967
,3C4NJDBN7ST561885
,3C4NJDBN7ST558372
,3C4NJDBN7ST558369
,1C6SRFLP2SN670026
,
42474,1C4PJMMN2ND536733
,1C4JJXP62NW112405
,2C4RDGBG6ER254713
,1C6SRFFT9LN159343
,1C4RJFBG6MC809380
,1C6HJTAG4LL186276
,1C4SDJCT9LC184401
,1FATP8UH0F5402559
,2C4RDGCG2HR797902
,1C4RJFAG6HC744943
,3MZBM1W74FM170663
,1C6SRECG0SN597944
,3C6LRVNGXSE529530
,
42504,1C4RJHAG2SC286739
,1C6SRFFP4SN641817
,1C4SDJGJ8RC219222
,3C6MRVHG7SE532434
,3C6UR5DL8RG390032
,3C6LRVCG1SE532352
,3C6UR5DL6RG390031
,3C6UR5DJXRG390015
,
42545,2C3CDXBG1PH704044
,2C3CDXBG8NH261405
,2C3CDXCT9NH119091
,2C3CDXBG9NH212889
,2C3CDXHG5NH145117
,2C4RC1EG5LR217631
,2C3CDXBG8PH522423
,2C3CDXBGXPH530250
,2C3CDXCT2NH261654
,2C3CDXHG1PH559966
,2C3CDXHG0PH571803
,5GAEVAKW5LJ216537
,1C4PJMDS8FW735474
,2C3CDXBGXPH702874
,1C4RJFBG2HC635166
,1FMSK8DH3LGB59815
,1C4RJFLT4HC938865
,1GCRKSE73CZ224673
,
42565,3N1CN7AP4HK422556
,2C4RDGBG9HR633029
,3N1AB7AP2KY332455
,1C4SDJCT0MC850319
,1C6RR7JT9DS544660
,5N1BT3CA5RC743881
,4S4BTALC2L3220007
,2FMPK4AP9KBB13681
,1C6RR7TT3GS302061
,3GTU2UEC6EG338446
,1C6SRFJPXSN673730
,1C4RJKAG0S8642394
,1C4PJXFN1SW531702
,1C4PJXFN3SW531703
,1C6SRFLP4SN670027
,1C4RJHBG4SC294968
,
42647,1C6SRFJT5KN725746
,3GNKBHRS4LS532846
,5XYP3DHC2NG240566
,2FMPK3J88GBB30742
,
42669,2C3CDZJG0NH263422
,2C3CDZJG9NH263595
,2C3CDZAG7PH567656
,1C4RDJDG5RC144129
,1C4RDJDG4PC603230
,1C4SDJCT2NC221520
,1C4SDJCT5NC227280
,2C3CDZJG7NH257892
,2C3CDZJG0NH260844
,2C3CDZAG1NH263381
,1C4RDJDG3RC119536
,1C4RDJDGXRC153179
,2C3CDZAG8PH563003
,3C4NJDCB9JT115885
,1GYS4DEF4ER214827
,1FMCU04799KB87664
,5NPE24AFXFH181047
,1C4RDJDG6PC617369
,1C4RJFCG2JC111519
,KL8CD6SA9MC731629
,WA1BNAFY8J2082881
,ZACNJBAB9LPL14773
,2C4RC1BG1HR576177
,1C4NJRFB0HD188703
,1C6SRFBTXLN169658
,WA1BNAFY5J2048185
,1N4BL4DV7NN318596
,1N4BL4DV3NN379962
,2C4RC1CG1DR664364
,1C6PJTAG0SL508728
,1C4RJXDN9SW531698
,1C6RRFCG7SN659375
,2C4RC1BG8SR545936
,1C6SRFJP3SN673732
,2C4RC1BG6SR545935
,1C6PJTAG9SL508730
,1C6RRFCG5SN659374
,3C6LRVDG9SE538947
,1C6SRFJP1SN673731
,3C6LRVDG6SE540977
,1C4RJHAG4SC299833
,1C4PJXAG0SW531697
,1C4RJHAG8SC299835
,
42742,3C4NJDANXRT152419
,1C6SRFHT2NN380427
,1C4BJWDG2FL698764
,3C6LRVDG8SE540978
,1C4RJKAG7S8641808
,
42766,1C6JJTAM0ML610514
,19XZE4F5XNE014151
,KM8K12AA6MU660207
,ZACCJBBB4JPH50937
,KMHD84LF3HU196047
,3C6UR5DJ9HG753306
,1C4RJFAT5CC162192
,1C4PJXDG6SW545325
,3C6LRVDG0SE538948
,3C6LRVDG2SE538949
,3C6LRVDG5SE538945
,1C6PJTAG2SL508729
,1C6SRFJP3SN673729
,1C4PJXFGXSW545356
,1C6SRFJP1SN673728
,1C4PJXDN9SW545320
,3C6LRVDG3SE538944
,3C6LRVDG7SE538946
,2C3CDBCKXSR537157
,1C4RJHAG6SC299834
,1C4PJXDN2SW545319
,1C4PJXDN0SW545321
,
42842,2C4RDGBG9HR633029
,1C6SRFFT3LN181970
,2C4RC1BG4NR229406
,2C4RC1BG7NR106571
,2C4RC1GG8NR153374
,2C4RC1BG1NR228598
,1C6SRFLP6SN547250
,1G1ZD5ST1NF113016
,3GNAXUEG8PL179423
,KL4CJASB0GB604865
,3N1CN7AP4HK422556
,KMHD04LB1JU482778
,1C3CCCAB5FN652876
,4S4BTALC2L3220007
,3N1CN7AP4KL881426
,3C63RRGL9RG371861
,1C6SRFFP4SN656866
,1C4RJKAG7S8670774
,1C6SRFFP8SN659933
,1C4RJKAG2S8670777
,3C63RRGL7RG371860
,3C6UR5DJ5RG392318
,1C4RJKBG5S8670805
,1C4PJXDG8SW545326
,1C4RJKBG9S8670807
,ZACPDFCW3R3A18741
,2C4RC1BGXSR545937
,1C4RJKBG7S8670806
,2C3CDBCK2SR536830
,1C6SRFGP9SN556373
,3C6LRVDG6SE542485
,1C6SRFJPXSN673730
,
42860,1C4SDJGJ9NC225301
,2C4RC1BG6FR534195
,1D7HW42N46S501834
,1C4RJEAG8JC197335
,5GAEVAKW6RJ122384
,4S4BTAFC7P3220649
,1C4NJPBB8HD171058
,3C4NJDBN0ST541137
,3C4NJDBN2ST541138
,3C4NJDBN2ST549272
,1C6PJTAG0SL508731
,1C6SRFHP5SN621072
,1C4RJKBG6S8670800
,3C4NJDBN4ST541139
,3C4NJDBN9ST541136
,2C4RC1BG3SR557749
,
42920,2C3CDXJG3DH572062
,1C4PJMCS2EW192428
,2C4RC1EG2HR763617
,1GCUYDED5LZ186907
,1GTG6DEN4J1132179
,1GCHK29K38E159414
,3C4NJDBN3ST558370
,1C4RJKBG3S8670799
,1C4RJKBG2S8670809
,1C4RJKEGXS8644342
,1C4RJKBG1S8670798
,1C4RJKBG0S8670808
,
42960,3C6TR5EJXNG253032
,1C4PJMCS7HW590741
,1HGCT1B32HA009436
,1D7HE22K49S786262
,WDBTJ75J94F119493
,3C6TR5EJ1HG756484
,3LN6L5E97JR609895
,1C4RJKAG7S8670788
,1C4RJKAG9S8670775
,1C4RJKAG3S8631552
,1C4RJKBG2S8631198
,1C4RJHAG7SC299860
,1C4RJHAG0SC299831
,3C4NJDBN5ST558368
,1C6SRFLP9SN670024
,1C4RJKBG8S8648443
,2C4RC3GG0SR558717
,3C4NJDBN0ST558374
,
43044,5N1AA0ND4FN622489
,7SAXCDE59PF425913
,1VWBN7A37EC024827
,1GKKNPLS2HZ136366
,1N4AL3AP5HC109997
,1GKKNULSXJZ100770
,1C6JJTBG7LL166930
,KNDPMCAC1K7591706
,
43069,1C6RR7GG4PS553958
,1C4HJXDN6MW831911
,1J4HR58N35C548161
,5GAKVCKD3HJ343002
,1C6RR7GT3DS694769
,1C6SRFFT5KN751451
,1C4RJHAG2SC307931
,1C4PJXDGXSW545327
,3C6LRVDGXSE542487
,1C4RJHAG9SC299858
,2C4RC3GG9SR558716
,1C6SRFMP9SN693219
,1C4RJHAG3SC299855
,1C4RJHAG5SC299856
,1C4RDJDG4SC527985
,2C4RC1CG8SR557745
,1C4RJHAG7SC299857
,2C4RC1BG1SR557751
,3C4NJDBN4ST558376
,3C6LRVDG8SE542486
,2C4RC1BGXSR557750
,1C4RDJDG2SC527984
,1C4RJHAG9SC299861
,3C4NJDBN1ST558366
,1C4RJHAG4SC308725
,1C4RJHAG4SC307932
,2C4RC1CG6SR557744
,1C6SRFMP0SN689415
,3C4NJDBN3ST558367
,3C4NJDBN6ST574921
,1C4RJHAG6SC307933
,
43111,1C6RRFEG2KN820227
,1FTYR1YM2JKA88514
,1FM5K8GT1KGB07577
,KNDEUCAA1M7069943
,5FNYF3H57EB006129
,1FTYR2CG1HKB27465
,
43161,2C4RC1BG8NR198788
,2C4RC1BGXNR238448
,1C4SDJCT6NC220760
,1C4RJHBG9P8894217
,2C4RC1BG2NR229212
,2C4RC1CG0DR734002
,5YFEPMAE4NP353535
,3GNAXHEV1NS156977
,1G8ZH52812Z240599
,KL7CJKSB5GB744323
,1G1ZD5ST1NF132682
,1GNSKBKC4LR233344
,5TDKDRBH3PS011408
,1G1ZD5ST5NF159710
,5YFEPMAE4NP358234
,5YFEPMAE8MP185459
,1C6RR7LT4KS519403
,1G1ZD5ST9PF123683
,LRBAZLR40ND138377
,1FATP8UH9N5103649
,1FATP8UHXN5124445
,1C4RJHAGXSC299836
,1C4RJKAG1S8670785
,2C3CDBCKXSR542312
,3C4NJDBN2ST558375
,1C4RJKAG3S8670819
,2C4RC1BG1SR557748
,2C3CDBCK6RR200821
,1C4RJKAG9S8670789
,3C4NJDBN8ST558364
,1C4RJHAG2SC299832
,3C4NJDBN5ST558371
,1C4RJHAG2SC308724
,3C4NJDBN6ST574918
,1C4RJKAG5S8670787
,3C4NJDBNXST558365
,3C4NJDBN3ST561883
,1C4RJHBG6S8659184
,1C6SRFMP5SN693220
,1C6SRFGP4SN684147
,1C4RJHAG0SC299859
,1C4RDJDG0SC527983
,1C4RJKAG5S8670773
,1C4PJXFG4SW545370
,1C4RJKAG5S8670790
,1C4RJKAG3S8679150
,1C6RRFGGXSN657226
,
43221,1C4HJXDG4MW779471
,1C4HJXDG0MW835955
,1C4HJXDG7MW636918
,1C4HJXDG1MW606460
,2C3CDZFJ1HH519575
,1C3CDFAA1FD181739
,1C6RRFFG9SN699937
,3C6LRVDG9SE543601
,3C6LRVDG0SE543602
,1C6RRFFG2SN699939
,
43239,2C4RC1L73MR590168
,2C4RC1L73MR581325
,2C4RC1L78MR603173
,2C4RC1L74MR596366
,5TFNC5DB1RX054644
,1C4PJLLB7KD109755
,ML32AUHJ3MH012437
,1C4HJXDG5KW569118
,1GNERGKW5PJ222664
,1GNERGKW9PJ195596
,5TDKDRBH3PS014082
,3MVDMBBMXPM524876
,WBAJA7C31HG457948
,5NMJBCAE6PH200272
,1FMCU0J93DUC70428
,5XYRG4LC2PG168310
,5GAKVCKD2GJ247795
,ZACCJBBT1GPD63425
,2C4RC1BG3SR557752
,1C6SRFLP1SN698884
,1C4RJHAG2SC309307
,2C3CDBCK1SR540125
,1C6SRFMP6SN700188
,3C4NJDBN4ST574917
,1C4PJXAG2SW566547
,1C4RJHAG5SC309477
,1C6SRFMP7SN693221
,1C6SRFLP6SN670028
,2C4RC3GG8SR567598
,1C4RJHAG3SC315665
,1C4SJVBP5SS506802
,1C6SRECG1SN701857
,1C6SRECG3SN701858
,1C4RJKAGXS8670817
,1C4RJXSJ0SW545313
,1C4SJVBP3SS506801
,1C6RRFGG8SN708464
,1C4RJHAG0SC309306
,1C4RJKAG5S8679151
,
43300,1C4AJWAG0JL804671
,3C6UR5CJ1MG676278
,2T3UWRFV8RW229882
,2T3P1RFVXMC238914
,1GNSKHKC9KR177029
,
43325,1C4BJWFG0HL543033
,4T1B11HK4JU507717
,2C4RC1FG7KR523193
,19XZE4F58NE002094
,2C3CDXCT4NH261672
,3FMCR9B69RRF10350
,3C63R3GJ0SG525892
,1C4RJKAG3S8681495
,1C4RJKAG1S8655512
,1C4RJKAG3S8670786
,3C6UR5CJ3SG513788
,1C4RJKBG0S8679427
,3C63R3GJ2SG525893
,1C6RRFGG5SN709877
,1C4RJKAG2S8680189
,1C4RJKAGXS8680179
,3C4NJDBN0ST579709
,1C4RJKBG2S8679428
,3C4NJDBN5ST561884
,1C4RJHBG7SC304098
,3C63R5DL2SG524955
,1C4RJKAG5S8684625
,1C4RJKBG4S8679429
,1C4RJKAG6S8680180
,1C4RJKBG0S8679430
,1C4RJKAG1S8681494
,1C4RJHAG5SC316509
,3C6UR5CJ1SG513787
,1C4RJKAG1S8670818
,1C6RRFGG6SN709872
,1C4PJXAN1SW571690
,1C6RRFGG8SN709873
,1C6RRFGG6SN708463
,1C4RJKAGXS8681493
,
43408,1C4RJHEG1R8548676
,1C4BJWDG7GL140488
,1C4JJXR65NW178363
,3C6UR5PL7RG245334
,1C4JJXP67NW178335
,JTELU5JRXN6076269
,1C4PJLAB9HW661399
,1D7HW48N88S541635
,1FMJK1MT6KEA60651
,1FTFW1ED3MFC30967
,1C4HJXFG5MW551671
,1C4RJHAG7SC309478
,1C6RRFGG1SN709875
,1C4RJHBG1SC308387
,1C4RJHAG4SC309308
,1C4RJHAG3SC309493
,1C4RJKAGXS8681414
,1C6RRFGG4SN708462
,
43450,2C4RC1L75NR199931
,2C4RC1L78NR173906
,2C4RC1BG4NR190770
,2C3CDXJG5NH236284
,1C6JJTBG8ML536025
,1C6SRFJT4KN760360
,2C4RC1BG6NR147399
,1C4RJFBG9LC377043
,1GCVKREC8GZ176243
,1GYFZDR45PF206624
,1D7RV1CTXBS691541
,5NMS24AJ6PH567275
,2FMPK4J94PBA02335
,1C4RJFBG7FC662022
,1V2KR2CA6NC549463
,JTEJU5JR1M5852509
,1C6RR7FT6ES335998
,3C4NJDFN1RT593865
,5NMS33AD7KH060525
,1G6AH5RXXE0115676
,2C4RC1BG8GR112821
,2FMPK4J9XPBA01187
,1C4PJMLB0JD572311
,1C4NJPBB5GD590550
,5N1AA0NE4DN604418
,1GKS2GKC8KR220752
,1C4RJXFG1SW544296
,1C6SRFMP0SN693223
,1C4RJKAG8S8684022
,3C63R5DL0SG524954
,1C4RJHBG9S8681230
,1C4SJVBP5SS508534
,1C4RJHBG7SC313349
,1C4RJHBG5SC313348
,1C4RJHBG3SC313350
,1C4RDJDG4SC529946
,1C4RJHBG2S8681229
,1C4RJHBG9SC309481
,3C6UR5CJ5SG513789
,1C4RJHBG8SC318138
,1C4RJHAG9SC316092
,1C6SRFGP9SN648289
,1C6SRFMP5SN693217
,1C4RDJDG3SC527461
,3C63R3GL2SG526950
,1C4RJKAG1S8681527
,3C4RJNCK0ST573260
,1C6SRFKP0SN695668
,3C63R5DL9SG524953
,1C4RJKAG6S8684018
,3C4NJDBN1ST574924
,
43515,1C4RJFAG5MC561396
,1C4PJMDXXMD240830
,3C6UR5SL1KG546193
,1C4RJHAG1PC640581
,1C6SRFFT2MN585683
,1C4RDJDG6PC718931
,1C6HJTAG7ML580260
,1C6RRFFG7NN287648
,1C4AJWAGXFL663180
,2FMPK4J98PBA36942
,1FMSK8DH9PGA24358
,2FMPK4J98RBA48950
,1FATP8UH8N5124444
,5NMS44ALXPH526367
,5GAEVAKW6KJ113092
,2GNALCEK1H1532260
,1C4RJKBG0P8719223
,5FNYG1H78RB025510
,1GKKNMLS3HZ192668
,1C4RJXDN1SW554635
,1C4RJKAG7S8646782
,
43547,1C4RDJEGXJC323964
,1C6JJTBGXNL100956
,1C6HJTAG1PL541135
,1C4SJVBT4NS182582
,3C6UR5ML9MG695354
,5N1DR3CDXPC224517
,1FTEW1EG1HFB68402
,1D3HU18D74J223213
,2C4RDGCG8GR396448
,1C6RR7LT8JS268576
,1C4RJFCG2GC465341
,3GTU9DED5LG102002
,1C6RR7FT0GS421228
,1D7HA16248J184241
,1GCVKSEC4EZ167348
,1GTUUEE84PZ321269
,1G11B5SL6EF280460
,1C4RJHBG0S8681231
,1C4RJHBG0SC310275
,3C4NJDBN4ST574920
,3C4NJDCN5ST588923
,3C6UR5CJ0SG520746
,3C4NJDBN7ST585846
,1C4RJHBG0SC309479
,1C4RJHBG2SC310276
,1C4RJKAG0S8670776
,3C4NJDBN2ST579713
,3C4NJDCN6ST585836
,3C4NJDCN7ST585165
,3C4NJDCN1ST585162
,3C4NJDBN7ST579710
,2C4RC1BG2SR562750
,3C4NJDBN0ST579712
,1C6SRFLP4SN516224
,3C4NJDBN9ST579711
,1C4RJHBG9SC310274
,3C6UR5CJ1SG513790
,3C4NJDBN8ST574919
,1C4RJHBG8SC309486
,3C4NJDBN8ST588920
,1C4RJKBG1S8628194
,3C4NJDCN3ST585163
,3C4NJDCN3ST588922
,3C4NJDBNXST574923
,3C4NJDCNXST585161
,3C4NJDBN8ST574922
,
43604,1C6SRFKTXKN785407
,3GNAXKEV8KS680538
,KMHGN4JE0FU095688
,1FMSK8DH9PGB43026
,1C6RR7NT5HS800471
,1C4RJHAGXRC705690
,2C4RC1BG2MR592673
,5XYPKDA50HG239628
,1C6RR7YT1GS258537
,1C4PJXAG0SW566546
,1C4RJKEG0S8668097
,
43628,1C6JJTBGXLL167473
,ZACNJBBB2LPL63909
,1C4RJXN67RW189685
,1C4RJKAG0R8927946
,1C4PJMMX2MD241552
,1C4RJFAG3EC211041
,2C3CCAAGXMH676029
,1FTEW1EP4LFC20274
,5TDKK3DC3BS027122
,KNDETCA79R7585272
,2C3CDXHGXLH120064
,JN1EV7AR4KM593826
,KL4CJCSB2EB782236
,3C4NJDCB2NT196413
,1FTFX1ET4BFB07129
,1C4SDJCT8LC356076
,1C4PJXEN6SW517523
,1C6RRFFG0SN699938
,1C6SRFMP6SN715452
,1C4SJVBP7SS508423
,1C4SJVBP0SS508425
,1C4RJHBG7SC313187
,1C4RDJDG6SC529947
,1C4SDJCT5SC523167
,1C4RJKAG6S8681488
,1C4RJHBG7SC310273
,1C4RJKAG6S8679675
,1C4RJHBG4SC313339
,1C4RJHBG0SC313340
,1C4RJHEG9S8668571
,
43671,2C4RC1FG4LR238128
,1C4AJWAGXFL663180
,3C4NJDBN1RT120330
,5XYRG4LC2PG168310
,1C4RJFAG0MC769105
,1C6RR7LT4DS701427
,2GNALCEK1H1532260
,1C6SRFBT7KN556845
,1C4PJMCB6LD555371
,1GNSKBKC4LR233344
,2T3P1RFV3MW157736
,3C4NJDBN3ST585844
,3C4NJDBN1ST585843
,1C6SRFFP5SN538647
,3C6UR5DL8RG390032
,3C4NJDCN1ST585839
,2C3CDBCK2SR536830
,2C4RC1GG2SR527117
,3C4NJDCNXST585838
,
43693,1C4RJKAG7N8518935
,3C4NJDBN5RT130231
,1C4HJXEG2LW146237
,
43703,1C4JJXP65MW799653
,1C4JJXR63PW513932
,2D4RN4DE2AR314670
,3C4PDCEG0KT680515
,4M2ZU86W52UJ37866
,1C4RJFBG6HC760719
,WA1EVAF12MD015704
,1C4BJWEG9HL619902
,WBA8D9G33HNU64911
,1GKS2JKC9LR208155
,1N4AL3APXJC138045
,1N4AL3AP8JC239844
,3D7TT2CT8AG132299
,1C6RRFGGXSN709874
,1C6RRFGG7SN709878
,1C6SRFMP3SN693216
,1C4RJHBG6SC313343
,1C4RJKAG4S8681490
,1C6SRFKPXSN699940
,1C6SRFFP8SN724327
,3C6LRVCG4SE555284
,1C4SDJCT3SC525029
,1C4RJHBG4SC313342
,1C6SRFLP6SN698881
,1C6SRFLPXSN698883
,1C4RJKAG4S8696037
,1C4RJHBG2SC313341
,1C6SRFFP7SN728885
,1C6SRFFP1SN728882
,1C4RJXP61RW195544
,1C6SRFLP4SN698880
,1C6SRFLP8SN698879
,1C6RRFGG4SN709871
,1C6SRFFPXSN732350
,1C4RJKAG8S8681489
,1C4RJKAG8S8681492
,1C4RJKBG0S8696048
,1C6SRFLP8SN698882
,1C6SRFGP4SN712657
,1C6SRFLP3SN715460
,
43765,2FMTK4J89FBB99877
,1C6SRFHT1RN198403
,1G6AA5RA0D0166344
,1C4RJKAG4M8161583
,3KPA24AD1PE572574
,1C6RR7YT8GS210906
,3TYLB5JN3RT045186
,1C4PJXAG1SW559671
,1C6SRFFP5SN731588
,1C6SRFFP9SN728886
,1C6PJTAG0SL525285
,1C4RJKAG6S8696038
,1C6SRFFP3SN728883
,1C6SRFFPXSN728881
,1C6SRFBP5SN711086
,
43824,1C4PJMMB4PD112740
,1C4PJMMB9PD111809
,1C4RDJAGXNC227988
,2C4RVABG5ER135349
,3C4NJCBB3NT188400
,5N1AT2MV9FC899926
,2T1BURHEXGC561601
,JM3KFBCM5P0129113
,1C4NJDBB7GD707477
,5NMJECAE2PH177242
,5XYPG4A38KG574952
,2C4RDGBG4LR231802
,1C4RDJDG2SC529945
,1C4RJHAG3SC321725
,1C4RJXSJ0SW599257
,1C4RJHAG6SC321721
,1C6RJTBG5SL525290
,1C6SRFFP5SN728884
,3C63R5EL8SG511206
,3C6UR5CJ3SG537458
,3C63R5CL3SG537456
,1C4RJKAG0S8696035
,1C4RJKAG6S8681491
,1C6SRFUP6SN713507
,1C4RJHBG8SC313344
,1C6SRFGP6SN712658
,3C6UR5CJ4SG518952
,3C4NJDBN5ST582038
,3C4NJDCN8ST585837
,1C4RJKAG2S8681228
,1C4PJXDN7SW505415
,1C4RJKBG2S8696049
,
43898,3C6UR5FL8HG756812
,1C6HJTAG9ML561063
,7MMVABEM9PN137137
,1C6RD7NT6CS314713
,
43925,1C6SRFHT3RN186561
,JTEZU5JR2F5091902
,3FA6P0HD5GR122771
,5XXG64J28PG213047
,1C6RD6FT6CS259382
,3TMCZ5AN0NM510864
,5TDYK3DC3GS765097
,1C4PJLAB7HW580885
,1FMCU0JD7HUE35651
,ZACCJABB4HPF73911
,1C4PJMCB5MD133867
,1C4RJHAG6N8595248
,1GNEVGKW5NJ103196
,1FA6P8AMXH5203407
,1C6SRFGP4SN712660
,1C4RJXDG1SW576040
,1C4SJVFP9SS507719
,1C6SRFJP9SN709861
,2C3CDBCK2SR565969
,1C4RJKAG2S8696036
,3C6UR5CJ5SG537459
,1C6RRFGG8SN708321
,1C6SRFLP5SN715461
,1C6RRFGG3SN709876
,1C6SRFGP2SN712656
,1C4RJKEG7S8657484
,1C6RRFCG9SN736036
,1C6PJTAG6SL528191
,1C6SRFGP8SN712662
,1C4RJKAG8S8696039
,1C6SRFJP8SN511434
,1C4PJXDG2SW574689
,3C63R5CL5SG537457
,1C6SRFFP3SN731587
,
43989,3C6UR5FL0PG559423
,1C6SRFJT4KN521021
,1FTFW1ET4DKF04546
,1GCGSCE31G1121282
,1C6RR7KT5FS503881
,ZACCJAAH8FPC21451
,5TDJZRFH9KS924545
,JF1VBAH61R9811366
,3C6UR5CJ8LG243782
,3C4NJDCB8NT160595
,1C6SRFHP9SN746107
,1C4RJHAG8SC321722
,1C6SRFGP6SN712661
,
44013,1C6RRFFGXPN591379
,5TFUW5F11BX207844
,1C6HJTAG8PL588100
,3C6JR6DT1KG535944
,4JGCB5HE9CA142653
,1G1YY32G7Y5110283
,1J4FF58S31L508159
,1G1145S33HU189219
,JM3TCBCYXM0511889
,1GCRKSE77DZ121211
,3C4PDCGG6JT500711
,1C4AJWAG6JL804643
,1GNKVHKD9HJ349485
,5NMS23AD3KH060900
,19XFC2F72JE039344
,1C6SRFGP0SN712655
,1C4SJVBP9SS508424
,3C6UR5HJ9SG558839
,2C4RC1BG6SR562749
,1C6SRFUP8SN713508
,3C6LRVNG9SE532242
,2C4RC1BG2SR580147
,1C6SRFGP8SN712659
,1C4SJVBP2SS508426
,2C4RC3BG5SR592627
,2C4RC3BG2SR581083
,
44066,1C4RJFBM6EC415207
,2FMDK3JC4CBA95196
,1C4RDJAG3FC921424
,1D8HB582X6F169434
,1C6SRFJP0SN730890
,
44109,1C4RJKAG3P8731447
,3C4NJDCB2JT231560
,2C4RDGEG6KR688508
,1GC5YME77RF111876
,3VVLX7B25RM097711
,3GTU2NEC5GG153636
,1C4BJWDG0HL704676
,1C6RR7KGXJS339412
,1C4RJKBG1P8855621
,1C6SRFU95MN901276
,WAUENCF57JA053153
,1C6HJTAGXLL173404
,WBA8E3G52GNU05746
,LRBFXBSA5HD086674
,2C4RC1BG3SR562708
,2C4RC1BG4SR562751
,1C4RJHAGXSC321723
,1C6SRFMP9SN693222
,1C4RJHAG1SC321724
,1C4RJHBGXSC313345
,1C4RJHBG3SC313347
,2C4RC1BG4SR580148
,3C4NJDBN0ST579757
,1C4RJHBG1SC313346
,
44163,1FMCU0H65LUC09009
,1GKS2HKJ2JR259422
,2C4RC1EG1LR196180
,1G1ZE5SX0KF134810
,1C3CCBBB5DN575223
,JF2SJAWC5FH520011
,WA1LXBF72PD008199
,
44205,1FTBW1YK4PKB56270
,1GNEVKKW3PJ276348
,5TDDZRFH9HS423435
,19XFB2F5XEE084698
,1C4RJFAG9KC736925
,3FA6P0H77DR359865
,1GKKNXLS4KZ106633
,1C4RJFLG8MC622222
,1J4AA2D15AL160045
,KM8J33A4XGU061434
,3FMTK4SX1RMA20286
,1D4GP45R77B158426
,1C4SDJCT6SC541127
,1C6RJTEG0SL528688
,3C4NJDBN5ST585845
,3C4RJNCK9ST592650
,1C6SRFFP1SN729207
,3C6UR5CJ9SG558847
,3C4NJDCN4ST585835
,1C4RJKBGXS8711459
,3C6UR5HJ7SG558838
,2C4RC3BG1SR592625
,2C4RC3BG9SR592629
,3C4NJDCN5ST585164
,1C6PJTAG2SL526826
,2C4RC1GG5SR595038
,2C4RC3BG7SR592628
,3C6UR5HJ5SG558840
,3C4RJNCK8ST589853
,1C6PJTAG0SL526825
,1C4RJHAG9SC330607
,3C4NJDBN8ST585841
,2C4RC1BG1SR562707
,1C4RJXDG7SW607114
,3C6UR5CJ0SG558848
,1C6SRFFP7SN534986
,3C4NJDBNXST585842
,2C4RC3GG3SR573339
,3C6UR5DJ8SG552729
,1C6SRFMP7SN693218
,2C4RC3GG6SR567597
,1C4RJKBG3S8711464
,3C6UR5CJ7SG558846
,
44268,1C4SDJCT1PC558103
,2C4RC1BG6PR553413
,2C4RC1BG7PR553744
,2C4RC1BG0NR233419
,1C4PJMMB6PD112402
,1C4SDJCT1PC553886
,1C4RJHAG9PC585832
,2C4RC1CG8PR559986
,2C4RC1CG9PR549905
,2C4RC1BG1PR557532
,2C4RC1CG0NR218580
,2C4RC1CG8NR229536
,2C4RC1L71MR577080
,2C4RC1BG6NR128383
,2C4RC1BG9PR566964
,1C4PJMMB3PD115015
,1C4BJWDGXFL629451
,3C6UR5DL5NG350372
,1C6SRFFT6PN517925
,1C6SRFHT6KN840751
,2FMPK4J9XNBB05434
,KL79MRSL5PB180949
,JN8AY2BB3P9830425
,2FMPK4J92PBA24088
,2FMPK4J97NBA33835
,5N1BT3BA9PC792189
,1C4PJXAG6SW603485
,1C6PJTAG4SL526827
,1C6PJTAG8SL528192
,1C4RJXDG7SW606173
,
44319,1C4BJWEG4JL936475
,3C6UR5CJ1HG502085
,2C3CDXCT2PH648532
,JN8BT3BB0PW218719
,1GYS4CKJ3HR162761
,1FTER4FH4PLE00958
,1C4GJXANXMW741094
,ZASPAKBN6L7C84527
,3GTU9BED4NG108610
,3TMLU4EN1FM192905
,1C4RJHAG0SC330608
,3C6UR5DJ4SG552730
,3C6UR5DJ6SG552728
,2C4RC1GG3SR595054
,3C4RJNCK8ST583079
,3C6UR5CJ2SG558849
,1C4RJHAG5SC330569
,3C63R5FL4SG552740
,1C4PJXDN1SW607356
,1C4RJHAG2SC330609
,2C4RC3BG3SR592626
,1C4RJHAG9SC330610
,1C6SRFJP3SN762331
,3C6UR5DJ9SG552724
,
44369,1C4HJXFG5MW551671
,1C4PJMMB4PD112740
,ZACNJDD19NPN99301
,1GNERGKW5PJ222664
,3HGGK5G50HM701008
,2T3P1RFV3MW157736
,JF1VBAH61R9811366
,1C4RJFLT2MC854070
,KL4CJCSB2EB782236
,1C4RJHBG1S8655480
,1C4RJKAG1S8681494
,3C4NJDCN6ST585836
,3C4NJDBN1ST558366
,1C4RJKAG1S8670785
,1C6SRFMP5SN693217
,1C4RJKAG3S8631552
,1C4RJKAG5S8691767
,1C6SRFMP0SN693223
,3C4NJDBN2ST541138
,1C6SRFLP4SN516224
,
44414,1C4AJWAG8HL746514
,5XXG64J21PG190906
,1C4JJXP61MW642430
,1FMJU1J57DEF27434
,2GNFLHE36F6224822
,1C4RJFCG5GC324067
,5N1AT2MV6KC746334
,1GKKNKLA4HZ254705
,1C4SJVBP1PS561500
,1GT49PEY0RF431205
,KNDNC5H32R6308791
,3VW447AU7JM255806
,JM3KFBDM7N0646859
,5TDGZRBH3NS591599
,2C4RDGBG8FR682803
,1C6SRFJP3SN506609
,1C4PJXDG0SW607351
,3C6LRVDG6SE563837
,3C4NJDCN1ST588921
,3C6UR5DJ6SG552731
,3C4NJDBN4ST591572
,3C4NJDBN9ST602467
,1C6PJTAG4SL528190
,1C4PJXEN8SW617252
,1C4PJXDG2SW607349
,1C4RJHAG0SC330611
,1C4PJXDN5SW607358
,1C4RJHAG5SC330944
,1C4PJXEN8SW617249
,1C4PJXDG0SW607348
,1C4PJXDG9SW607347
,1C6PJTAG8SL528189
,3C4NJDBN4ST579714
,1C4PJXEN6SW617251
,1C4PJXDG9SW607350
,
44470,1C4RJYB64P8775000
,3C4NJDFN8PT518884
,JN8BT3BB0PW218791
,1C4PJMDB7EW215894
,1C4RJFAG0LC379202
,2C4RC1BG5MR500570
,1C4RJKDG5M8188237
,2HKRW6H37JH214091
,1C4RJHAG1SC330570
,1C4RJKBG5S8711465
,1C6SRFGPXSN712663
,
44496,2C3CDXHG9PH522437
,2C4RC1BG1PR557532
,1C4SJVFPXRS106187
,1N4BL4DV5PN324366
,1C4RJHAGXRC151132
,5UXWX9C32H0T20155
,5N1AT2MV6KC746334
,5LMCJ3D90HUL69863
,1C6SRFJP3SN506609
,1C6SRFKP0SN695668
,2C4RC1GG4SR608684
,1C4PJXEN1SW623121
,
44584,2C3CDXBG0NH248342
,1C4PJMMBXPD109888
,2C3CDXBG3NH259030
,1C4SDJCT4HC860275
,1C4SJSBP9PS540859
,1C4GJXAN8NW176295
,1C4PJMBSXHW557542
,1C3CCCAB1FN538664
,1FM5K8D80HGD87632
,ZACCJBBB5HPF97222
,3C4NJDBB1NT130789
,KM8R24GE3RU736250
,1N4BL4DV8PN332820
,1C6HJTFGXML523625
,WAU8SAF8XLN003511
,3C6UR5SL0LG224193
,3N1AB7AP2JL640947
,ZACCJBCT7GPE36859
,2FMPK4J95PBA23520
,2FMPK4J93PBA45452
,1G1PC5SBXE7302971
,2C3CDXBG1NH239441
,2FMPK4J92PBA29470
,19UUB2F5XFA024353
,2FMPK4J92PBA02253
,1N4BL4DV6PN331682
,1G1ZD5ST9PF139432
,5FNYF4H52BB085873
,KNAE35LCXM6097806
,19XFC1F33HE010386
,2C4RDGBGXER417119
,1C6SRFFP5SN681761
,3C6UR5CJ0SG558848
,1C4PJXENXSW619780
,1C6SRFMP6SN700188
,3C6LRVDG8SE563838
,1C4PJXEN3SW619779
,1C4PJXEN5SW623123
,1C4RJXFG7SW628168
,1C6SRFFP9SN773214
,1C4PJXANXSW623141
,1C6SRFHP7SN749958
,1C4PJXAN0SW616831
,1C6SRFUPXSN672637
,1C4PJXFN2SW628181
,1C4RJKBGXS8719299
,1C4PJXEN3SW623122
,1C4RJKAG3S8719288
,1C4SDJCT6SC551320
,1C4RJKAG4S8719381
,
44686,1C4GJXAN8NW176295
,1C4RJKAG0P8894797
,3C6UR5DL3PG566904
,3C6TR5EJ7NG335963
,1C4RJEAG8JC125356
,ZACCJBBB5HPF97222
,1C4RJFBG8JC421501
,1C4RDJDG5PC682312
,2C3CDXHG7PH575511
,1C4RDJDG3PC682342
,3C4PDDGG3KT860641
,1C4RJKAG7P8809065
,3GCUDJE82PG262294
,1FTFW1E56PFA20134
,2C3CDXBG1NH239441
,1FTEW1E48KKE92998
,2FMPK4J99PBA24847
,1FMCU0GX0EUC09352
,3GNAXKEGXRS142094
,1FM5K8GC0NGA72762
,5N1AZ2BS4PC139444
,2FMPK4J92PBA46642
,JN8AY2BB7P9832601
,1FTMF1EP1HFA82065
,5XYP5DHC1MG118080
,1FA6P8TD6L5161808
,2FMPK4J93PBA45452
,4T4BF1FK8GR529304
,4S4BTANC4L3178727
,1C4RDJAG4KC605122
,1C4RJHAG1SC330570
,2C4RC1BG1SR598414
,3C4NJDCN2ST585834
,1C4RJKAG1S8681494
,1C6SRFJP2SN773241
,1C6PJTAG2SL534182
,1C4RJKAG3S8719288
,1C4RJKAG4S8719381
,1C4RJKBGXS8719299
,1C4PJXEN6SW617251
,1C4RJHAG3SC330568
,3C6UR5DJ2SG568375
,1C4RJKAG5S8659496
,1C4SDJCT0SC556254
,
44753,1C6SRFFT3MN578550
,2C4RC1EG2HR577172
,3GKALPEVXLL312184
,2FMDK3KC7EBA04813
,JA4AZ3A38GZ034742
,1C4RJFBG8GC310441
,1FTEW1E56KKD71668
,1C4PJLCB5JD539797
,JM3KFBAY6L0825947
,JN1BV7AR6FM422035
,3C4NJDBB2MT517494
,3GCUKREC8JG570005
,1C4RJFAG6JC185352
,1J4FA39S96P735714
,1GC1KVE89GF153946
,1FM5K8F82FGC59712
,1C4PJXDGXSW616767
,1C4RJKAG2S8696778
,3C63R5DL6SG558154
,1C4SDJCT8SC551321
,1C4SDJCT2SC556255
,1C6SRFFP0SN731501
,
44810,1N4BL4DV8PN376381
,3C4NJDCB2JT222793
,1C4HJXCG2MW823498
,3C6RR7KT1GG371646
,3GNAXKEV7KS573366
,7FARW2H50JE005045
,1C4SJSBP6PS568425
,JM3KFBCL4R0459397
,2C4RC1DG5MR539544
,1C4SJSBP1PS557235
,1C4RJFAGXMC632852
,JM3KFBCL8R0506057
,1N4BL4CV0MN337894
,3GTUUFEL0RG263237
,1G1ZD5ST8PF224584
,2C4RC1EG7KR628057
,3C6RR7LT8FG597566
,1GTUUGEL9RZ335753
,5N1DR2AN1LC637393
,1G1ZD5ST8PF166427
,1C4RJKAG1S8722206
,1C4PJXDN3SW618634
,1C4PJXAN4SW619330
,1C4PJXFG2SW629123
,1C4SJVFP5SS516000
,1C4RJKBG2S8719300
,1C4PJXDG3SW594174
,1C4RJHBG0SC337153
,1C4RJXDNXSW623130
,1C4SDJCT9SC556253
,1C6SRFFP5SN724432
,1C4PJXEN1SW635513
,1C4RJKEG1S8723754
,1C4RJKAG6S8719382
,3C4NJDBN4ST607172
,3C6TR5EJ9SG583904
,1C4RDJDGXSC540322
,1C6SRFFP6SN758945
,1C4PJXDN0SW640784
,1C4PJXEN3SW635514
,
44876,1C4PJMJS8GW314439
,1J4GW58NX4C411236
,3LN6L2GKXDR801556
,1C4RJHBG9R8595569
,1FTEW1E57KKC83096
,1GCGTCEN7M1166110
,1FM5K8GT1GGD02067
,2C4RC3BG5SR592613
,3C6UR5EJ9SG582272
,1C4RJKBG7S8727912
,1C6SRFJP3SN755122
,1C4SDJCT2SC557762
,1C4RDJDG9SC507117
,3C63R5DL2SG558863
,1C4RJKEG3S8723755
,1C6SRFJP3SN690238
,
44894,1C4RDJDG2RC119897
,1C4RDJDGXRC138245
,2C3CDXBG5MH536372
,1C4PJMMB8PD112188
,1D7HU18248J243065
,1HGCV2F36NA023877
,2C4RC1FG4LR287068
,1G1ZD5ST7PF191481
,1GNSKBKC5JR400484
,1C4RDJDG9MC642083
,7FARW2H59ME001175
,1C4PJMLN6KD123551
,2C4RDGBG6JR135960
,1G1ZD5ST2PF227254
,1HGCY2F68PA060613
,1D4SE5GT6BC682541
,3KPF34AD1KE013280
,3N1AB8CV5MY240986
,1C6SRFJT4MN678972
,1C4SJSBP5PS568478
,1C6SRFFPXSN728993
,1C4SJVBP5SS522420
,1C4PJXAGXSW619818
,1C4RJKAGXS8724858
,1C4RJKBG1S8724570
,1C4RJHAGXSC344032
,1C4RJKBG6S8724872
,1C6SRFLP9SN735681
,1C4PJXENXSW635512
,1C4SDJCT7SC556252
,
44959,3C63R3JL9PG524838
,1GNSKPKD4MR294247
,2C3CDZJG5NH182013
,
44982,1C4RJKAG9P8828975
,1C4HJXDN9MW752359
,1C4JJXP61NW275708
,1C4SDJCT8NC198440
,JTEBU5JR7E5167176
,WMWXR5C07M2N06266
,1FTFW1E80PFC68602
,1GCGSCEN3J1148640
,1FTPW12VX6FB43877
,2B5WB35ZXYK114846
,JN1CV6AR7DM767022
,1C3CDZCG2EN131542
,1G1ZB5ST6NF188168
,1GYFZCR46RF139853
,2C4RC1GGXSR605529
,1C4RJKBG2S8724870
,1C6RRFGG4SN159863
,1C4RJKBG6S8724869
,1C4RJHAG0SC338904
,1C6RRFGG0SN159875
,3C63R3EL3RG297532
,3C63R5DL8SG558155
,3C63R5DL0SG558862
,1C4PJXAG8SW619817
,3C6UR5DJ4SG568376
,1C6SRFFP1SN737453
,1C4RJKBG9S8727877
,3C6MRVHG7SE569614
,1C4PJXAN6SW617286
,1C6RRFGG6SN159864
,1C4RJHBG5SC337164
,1C4RJXDN8SW630691
,3C4NJDBN6ST585840
,1C6SRFFP5TN165336
,3C6UR5DJ6SG568377
,1C4RJXDNXSW630689
,1C4RJKBG8S8724873
,1C6RRFGGXSN159866
,3C4NJDBN5ST602465
,1C4RJHBG5S8727944
,3C4NJDBN7ST602466
,
45047,1C4RJKBGXM8190388
,1C4RJKAG1R8503000
,2C4RC1BG0JR167304
,1N4AA5APXAC832543
,2C4RC1DG2HR778491
,1C4JJXP60NW233000
,1C3LN59L67X070973
,1C4PJXFG2RW336901
,1J4PR4GK7AC158946
,1C4RJFBG1JC406659
,1C4SDJCT4SC523001
,
45082,2C3CDXBG3NH231129
,2C3CDXBG2NH227489
,2C3CDXBG6NH201820
,2C3CDXBGXNH261650
,1C4PJMCB7GW218895
,KNDPN3AC5K7585050
,1C4BJWFG0JL828286
,1C6SRFFT6RN144291
,3C4NJDBB2KT652911
,JM3KFACM7K1684481
,1G1ZB5ST6HF251077
,1GKKVTKD8EJ296192
,1C6HJTAG5LL159863
,1N4BL4DV5PN319524
,1J4PP2GK2BW536889
,5GAEVCRS8SJ101265
,3GNAXKEV9KS636757
,1C4HJXDG6LW164905
,1C4HJXDN7LW207114
,4T4BF1FK5CR220111
,1C4HJXDG1LW217347
,1FT8W3DT1LEE61254
,1C4PJXAN2SW630696
,1C6SRFFP7TN165337
,1C4RJXFG1SW628179
,1C4RJKAG8S8730805
,1C4RJHBG1S8723180
,1C4PJXAG6SW619816
,1C4RJXFGXSW628178
,3C6MRWFZ0SE550509
,1C6SRFFP9TN165338
,1C4RJKBG4S8724871
,1C6RRFGG9SN159874
,3C6MRWEZXSE554441
,1C4PJXEN8SW635511
,1C6RRFGG7SN159873
,1C4PJXFGXSW648373
,1C6PJTAG0SL543124
,1C6RRFGG2SN159876
,
45144,2C4RDGCG4KR800449
,5TDBK3EH7CS168786
,1C4RDJEG3KC685510
,1C6SRFFT9LN382014
,1C4PJMDX0MD212969
,3C6UR5CJ0TG157494
,1C6SRFFP2SN720600
,1C6SRFGP7SN718470
,
45178,1C6HJTFG1PL535473
,2C4RC1GG6SR537875
,1C4SJSBP4PS568598
,1C4RJFAG8MC619419
,5FNYF6H31NB045380
,1FTFW1ET4DKE70480
,1GKKVRKD6FJ167209
,1J4BA3H14BL575542
,1G1ZD5ST0PF170794
,1FMCU9H6XMUA73823
,3VWCB7BU9KM132106
,1G6DB5RK1P0153089
,ML32AUHJ0MH014372
,1GCVKREC8GZ377785
,1C6SRFLP5TN175529
,1C4RJKAG4S8724564
,1C4PJXDN8SW615969
,1C6SRFLP8TN171877
,1C6RRFGG1SN159867
,1C6SRFJP6TN164946
,3C6UR5CJ9TG157493
,1C4RJKAG3S8739296
,1C4SJVBP4SS521954
,1C6SRFFP8TN171373
,1C4PJXFG1SW648374
,1C4RJKBG1S8727873
,1C6SRFLP3TN175531
,1C6RRFGG2SN164804
,1C6RRFGG8SN159865
,1C6SRFJP5TN168681
,
45238,1C4HJXEG0LW295441
,7MUFBABG2RV021419
,JN8AT2MV5LW103305
,1C4RJHBG9RC189329
,1C4RJXDN6SW630690
,1C4RJXSJXSW638162
,
45273,1C4JJXP60MW850122
,3GCPYBEH2LG248025
,1FATP8UH8J5139276
,1C6SRFFT6MN678884
,1C4JJXP69NW178255
,1FADP3K28FL385236
,1C4RJHBG9RC189322
,1C4RJFCG0EC181557
,1C4PJMCS0FW668550
,5J8TC2H71LL000823
,1C6SRFFTXMN648125
,1C4RJFAG0LC383671
,3FAHP0JG8BR183280
,1C4SDJGJ6MC548848
,1C4RJKBGXS8727905
,1C6SRFFPXTN171374
,1C4RJKBG0S8727878
,1C4RJKBGXS8727869
,1C4RJKAG3S8722207
,3C63R5DL2SG558152
,1C4RJHAG9SC339131
,1C4RJHAG7SC339130
,1C6RJTEG8SL544086
,2C4RC1BG7TR154214
,1C4RJKBG3S8727874
,2C4RC1BGXTR158399
,2C4RC3GG4TR159469
,1C4RJHBG3S8723181
,1C4RJKBG8S8727904
,1C4RJKBG7S8727876
,1C6SRFLP1TN171879
,1C4RJKAG6S8724565
,3C63R5DLXTG173651
,1C4RJHBG2SC344069
,1C6PJTAG9SL543123
,2C4RC1BG2TR154220
,1C6SRFJP3TN168680
,2C4RC1BG9TR154215
,1C4RJKBG3S8727907
,1C4RJKBG5S8727875
,1C4RJKAG5S8723178
,2C4RC1BG4TR154218
,1C6SRFJP6TN161755
,1C4RJXFNXSW648364
,1C4RJKAG5S8739297
,3C63R5FL9TG152402
,1C4RJKBG1S8727906
,1C6SRFLP1TN175530
,3C6UR5DJ2TG158449
,1C4RJHAGXSC341888
,
45345,1C4PJXFG6RW252919
,1C4PJMMB4PD114178
,1C6HJTFGXPL552840
,1C4SJSBP2PS568678
,3C4NJDDN6PT542488
,1C4PJXFG7RW259913
,2C4RDGCG2JR170512
,1C4PJMMB0PD113321
,5N1BT3BA9PC828026
,1V2SC2CA5NC202711
,NM0LS7S27N1532939
,2C3CDZJG3NH182012
,1G1ZD5ST7NF137479
,2C4RDGBG0HR615230
,3GKALYEG0RL248902
,1C6SRFLT7KN901399
,1C6SRFFTXMN648481
,1C6RR7FT8DS703306
,5N1AZ2BJ4PC126118
,1C4HJXCG3LW286932
,5N1BT3BA1PC835598
,2C4RC1BG0TR154216
,3C6TR5EJ8TG157476
,3C63R5DL2SG582449
,1C4RJKAGXS8722205
,2C4RC1BG5TR152333
,3C6UR5DJ3TG152319
,3C6UR5DJ1TG152335
,2C4RC3GG9TR154414
,1C4RJKAG3S8722806
,1C6SRFGP2TN157368
,2C4RC1GG0TR152345
,2C4RC1BG9TR152335
,1C4RJHEG9S8730809
,2C4RC1BG2TR154217
,1C6SRFLP0TN177253
,2C4RC1GG9TR152344
,1C4RJHBG9SC344070
,1C4RJKBGXS8727872
,3C6UR5DJ2TG157981
,3C6UR5DJXTG152320
,1C4RJHBG0SC344071
,1C4RJKAG7S8723179
,1C6RRFGG0SN181715
,3C6UR5DJ5TG152337
,1C6RRFGG3SN193048
,
45374,2HGFC2F59GH544889
,2C4RDGCG0GR401030
,1FTFX1E53KKC02807
,1C4AJWAG7GL200141
,1V2TE2CAXLC223694
,1C6SRFFP3TN171376
,2C4RC1BG8TR158398
,1C6RRFGG9SN181714
,
45414,1C4HJXDN3PW509456
,1C4RJFBG4HC751260
,3C4NJDDB0KT660549
,1C4RDHAGXMC554771
,5FNYF6H54JB032179
,2LMPJ8KP3LBL33607
,1C4HJXDG6NW254445
,1FMDE1AH9RLA45880
,2C4RC1FG5KR653084
,1C4PJMBN8KD229498
,1GC2KVCG2BZ460462
,1FT8W3BT1KEE53611
,3C6RR6KG1NG293265
,3C63R5EL6TG174438
,2C4RC1BG6TR154219
,1C6SRFJP4TN192275
,1C4RDJDG0TC152324
,2C4RC1BG3TR152332
,2C4RC3GG2TR159468
,1C4RDJDG5TC159222
,1C4RJKAG3S8723177
,1C4RJKAG5S8722807
,1C6SRFJP0TN190801
,2C4RC1BG2TR152337
,1C6RRFGG3SN193051
,1C4RJKAG9S8722812
,3C6UR5DJ1TG152318
,3C63R5DLXTG173715
,1C6RRFGG1SN193050
,1C4RJHAG8SC344031
,2C4RC1BGXTR159603
,3C63R3CJ6TG186028
,2C4RC1BGXTR152330
,2C4RC1GG7TR152343
,1C4RJKAG9S8739299
,2C4RC1BG0TR152336
,1C4RJKAGXS8730806
,3C6TR5EJ6TG174437
,1C6RRFGG4SN181717
,2C4RC1BG4TR152338
,1C6RRFGG5SN193052
,1C4SJVBP6SS521955
,1C6SRFJP7TN168682
,1C6RRFGG2SN181716
,3C6TR5EJ7TG163348
,2C4RC1BG7TR152334
,2C4RC3GG4TR166762
,1C6SRFLPXTN171878
,2C4RC1GG6TR172440
,1C4RJKAG7S8722811
,1C4RJKAG0S8730247
,2C4RC1BG6TR159601
,1C4RJKAG0S8722813
,1C4RJHEG7S8724930
,1C6SRFFP0TN165535
,1C6RRFFG5SN204651
,1C4RJHBG2S8727948
,3C63R5DL8TG173714
,1C4RJKBG4S8766327
,
45453,1C6SRFLT1KN737356
,1GCPTFEK8R1241718
,JM3TCABY6M0510220
,5XYRK4LF8NG119358
,4S4WMAWDXP3426118
,1FA6P8CF8N5123811
,ZAM57RTA1E1090427
,2GKALMEK1F6199125
,2C4RDGCG8ER452773
,1GTP6DEK8R1135393
,1C4RJFCG6JC229587
,1GKS2HKJ5KR195393
,1C4HJXDG3KW609213
,3C6TR5EJ9TG176098
,
45518,1C6RR7KG7ES232498
,1GKS2CKJ2GR214895
,1C6SRFFP1SN684267
,KL4CJASBXKB950740
,KM8R7DGE2PU559544
,1GTUUEE83PZ134377
,1GYKNCRS6LZ184063
,1C4RDJDG0TC162299
,1C4RJXDN8SW655753
,1C4RJHAG3SC344034
,2C4RC3GG0TR159470
,1C6RRFFG5SN203161
,1C4RDJDG8TC152328
,3C6LRVDG0TE150488
,1C6PJTAG8SL548670
,1C4PJXDN5SW657662
,3C6UR5DJ3TG152322
,3C63R3CJ8TG186029
,2C4RC1BG8TR159602
,1C6PJTAG0SL548680
,1C6PJTAGXSL547729
,3C6UR5DJ1TG152321
,2C4RC1BG1TR159604
,1C4RJKAG7S8739298
,1C4RJHAG1SC344033
,3C6SRFFP7S4501285
,1C6PJTAG8SL547728
,1C4RJHAG6SC343220
,1C4RDJDGXTC158177
,3C6UR5DJ0TG158286
,3C63R3CJ4TG186030
,1C6PJTAG4SL547726
,1C4RDJDG6TC152327
,1C4RJKBG8S8727871
,1C4RJXDN0SW655083
,1C4RDJDG4TC152326
,1C4RJHBG9SC321419
,1C4PJXAN5SW655723
,1C4PJXAN7SW655724
,1C4RDJDGXTC152329
,3C63R3JLXSG560840
,1C4RJKAG3S8743641
,1C6PJTAG6SL547730
,1C4RJHAG3SC329937
,1C6PJTAG6SL547727